user_genome	classification	fastani_reference	fastani_reference_radius	fastani_taxonomy	fastani_ani	fastani_af	closest_placement_reference	closest_placement_radius	closest_placement_taxonomy	closest_placement_ani	closest_placement_af	pplacer_taxonomy	classification_method	note	other_related_references(genome_id,species_name,radius,ANI,AF)	msa_percent	translation_table	red_value	warnings
GCA_003874215.1_PDT000286187.3_genomic	d__Bacteria;p__Pseudomonadota;c__Gammaproteobacteria;o__Enterobacterales;f__Enterobacteriaceae;g__Salmonella;s__Salmonella arizonae	GCF_008692845.1	95.0	d__Bacteria;p__Pseudomonadota;c__Gammaproteobacteria;o__Enterobacterales;f__Enterobacteriaceae;g__Salmonella;s__Salmonella arizonae	99.54	0.963	GCF_008692845.1	95.0	d__Bacteria;p__Pseudomonadota;c__Gammaproteobacteria;o__Enterobacterales;f__Enterobacteriaceae;g__Salmonella;s__Salmonella arizonae	99.54	0.963	d__Bacteria;p__Pseudomonadota;c__Gammaproteobacteria;o__Enterobacterales;f__Enterobacteriaceae;g__Salmonella;s__	taxonomic classification defined by topology and ANI	topological placement and ANI have congruent species assignments	GCF_008692785.1, s__Salmonella diarizonae, 95.0604, 93.86, 0.874; GCA_900478215.1, s__Salmonella houtenae, 95.0, 93.31, 0.853; GCF_000006945.2, s__Salmonella enterica, 95.0604, 93.29, 0.823; GCF_000252995.1, s__Salmonella bongori, 95.0, 89.4, 0.808	97.56	11	N/A	N/A
GCA_003894135.1_PDT000381598.1_genomic	d__Bacteria;p__Pseudomonadota;c__Gammaproteobacteria;o__Enterobacterales;f__Enterobacteriaceae;g__Salmonella;s__Salmonella enterica	GCF_000006945.2	95.0604	d__Bacteria;p__Pseudomonadota;c__Gammaproteobacteria;o__Enterobacterales;f__Enterobacteriaceae;g__Salmonella;s__Salmonella enterica	99.94	0.947	GCF_000006945.2	95.0604	d__Bacteria;p__Pseudomonadota;c__Gammaproteobacteria;o__Enterobacterales;f__Enterobacteriaceae;g__Salmonella;s__Salmonella enterica	99.94	0.947	d__Bacteria;p__Pseudomonadota;c__Gammaproteobacteria;o__Enterobacterales;f__Enterobacteriaceae;g__Salmonella;s__	taxonomic classification defined by topology and ANI	topological placement and ANI have congruent species assignments	GCF_008692785.1, s__Salmonella diarizonae, 95.0604, 94.99, 0.781; GCA_900478215.1, s__Salmonella houtenae, 95.0, 94.81, 0.833; GCF_008692845.1, s__Salmonella arizonae, 95.0, 93.19, 0.844; GCF_000252995.1, s__Salmonella bongori, 95.0, 90.05, 0.834	98.43	11	N/A	N/A
GCA_004260915.1_PDT000347735.1_genomic	d__Bacteria;p__Pseudomonadota;c__Gammaproteobacteria;o__Enterobacterales;f__Enterobacteriaceae;g__Salmonella;s__Salmonella enterica	GCF_000006945.2	95.0604	d__Bacteria;p__Pseudomonadota;c__Gammaproteobacteria;o__Enterobacterales;f__Enterobacteriaceae;g__Salmonella;s__Salmonella enterica	98.75	0.956	GCF_000006945.2	95.0604	d__Bacteria;p__Pseudomonadota;c__Gammaproteobacteria;o__Enterobacterales;f__Enterobacteriaceae;g__Salmonella;s__Salmonella enterica	98.75	0.956	d__Bacteria;p__Pseudomonadota;c__Gammaproteobacteria;o__Enterobacterales;f__Enterobacteriaceae;g__Salmonella;s__	taxonomic classification defined by topology and ANI	topological placement and ANI have congruent species assignments	GCF_008692785.1, s__Salmonella diarizonae, 95.0604, 94.96, 0.834; GCA_900478215.1, s__Salmonella houtenae, 95.0, 94.68, 0.836; GCF_008692845.1, s__Salmonella arizonae, 95.0, 93.2, 0.817; GCF_000252995.1, s__Salmonella bongori, 95.0, 90.01, 0.804	96.9	11	N/A	N/A
GCA_005734555.1_PDT000465134.1_genomic	d__Bacteria;p__Pseudomonadota;c__Gammaproteobacteria;o__Enterobacterales;f__Enterobacteriaceae;g__Salmonella;s__Salmonella arizonae	GCF_008692845.1	95.0	d__Bacteria;p__Pseudomonadota;c__Gammaproteobacteria;o__Enterobacterales;f__Enterobacteriaceae;g__Salmonella;s__Salmonella arizonae	99.35	0.969	GCF_008692845.1	95.0	d__Bacteria;p__Pseudomonadota;c__Gammaproteobacteria;o__Enterobacterales;f__Enterobacteriaceae;g__Salmonella;s__Salmonella arizonae	99.35	0.969	d__Bacteria;p__Pseudomonadota;c__Gammaproteobacteria;o__Enterobacterales;f__Enterobacteriaceae;g__Salmonella;s__	taxonomic classification defined by topology and ANI	topological placement and ANI have congruent species assignments	GCF_008692785.1, s__Salmonella diarizonae, 95.0604, 93.96, 0.871; GCA_900478215.1, s__Salmonella houtenae, 95.0, 93.36, 0.859; GCF_000006945.2, s__Salmonella enterica, 95.0604, 93.35, 0.852; GCF_000252995.1, s__Salmonella bongori, 95.0, 89.58, 0.806	97.56	11	N/A	N/A
GCA_005902725.1_PDT000469255.1_genomic	d__Bacteria;p__Pseudomonadota;c__Gammaproteobacteria;o__Enterobacterales;f__Enterobacteriaceae;g__Salmonella;s__Salmonella arizonae	GCF_008692845.1	95.0	d__Bacteria;p__Pseudomonadota;c__Gammaproteobacteria;o__Enterobacterales;f__Enterobacteriaceae;g__Salmonella;s__Salmonella arizonae	99.33	0.954	GCF_008692845.1	95.0	d__Bacteria;p__Pseudomonadota;c__Gammaproteobacteria;o__Enterobacterales;f__Enterobacteriaceae;g__Salmonella;s__Salmonella arizonae	99.33	0.954	d__Bacteria;p__Pseudomonadota;c__Gammaproteobacteria;o__Enterobacterales;f__Enterobacteriaceae;g__Salmonella;s__	taxonomic classification defined by topology and ANI	topological placement and ANI have congruent species assignments	GCF_008692785.1, s__Salmonella diarizonae, 95.0604, 93.86, 0.873; GCA_900478215.1, s__Salmonella houtenae, 95.0, 93.27, 0.858; GCF_000006945.2, s__Salmonella enterica, 95.0604, 93.16, 0.846; GCF_000252995.1, s__Salmonella bongori, 95.0, 89.42, 0.806	97.56	11	N/A	N/A
GCA_006015595.1_PDT000044140.4_genomic	d__Bacteria;p__Pseudomonadota;c__Gammaproteobacteria;o__Enterobacterales;f__Enterobacteriaceae;g__Salmonella;s__Salmonella houtenae	GCA_900478215.1	95.0	d__Bacteria;p__Pseudomonadota;c__Gammaproteobacteria;o__Enterobacterales;f__Enterobacteriaceae;g__Salmonella;s__Salmonella houtenae	99.68	0.948	GCA_900478215.1	95.0	d__Bacteria;p__Pseudomonadota;c__Gammaproteobacteria;o__Enterobacterales;f__Enterobacteriaceae;g__Salmonella;s__Salmonella houtenae	99.68	0.948	d__Bacteria;p__Pseudomonadota;c__Gammaproteobacteria;o__Enterobacterales;f__Enterobacteriaceae;g__Salmonella;s__	taxonomic classification defined by topology and ANI	topological placement and ANI have congruent species assignments	GCF_008692785.1, s__Salmonella diarizonae, 95.0604, 94.93, 0.842; GCF_000006945.2, s__Salmonella enterica, 95.0604, 94.88, 0.836; GCF_008692845.1, s__Salmonella arizonae, 95.0, 93.31, 0.854; GCF_000252995.1, s__Salmonella bongori, 95.0, 89.77, 0.832	97.6	11	N/A	N/A
GCA_006206025.1_PDT000298366.2_genomic	d__Bacteria;p__Pseudomonadota;c__Gammaproteobacteria;o__Enterobacterales;f__Enterobacteriaceae;g__Salmonella;s__Salmonella enterica	GCF_000006945.2	95.0604	d__Bacteria;p__Pseudomonadota;c__Gammaproteobacteria;o__Enterobacterales;f__Enterobacteriaceae;g__Salmonella;s__Salmonella enterica	98.45	0.943	GCF_000006945.2	95.0604	d__Bacteria;p__Pseudomonadota;c__Gammaproteobacteria;o__Enterobacterales;f__Enterobacteriaceae;g__Salmonella;s__Salmonella enterica	98.45	0.943	d__Bacteria;p__Pseudomonadota;c__Gammaproteobacteria;o__Enterobacterales;f__Enterobacteriaceae;g__Salmonella;s__	taxonomic classification defined by topology and ANI	topological placement and ANI have congruent species assignments	GCF_008692785.1, s__Salmonella diarizonae, 95.0604, 95.08, 0.859; GCA_900478215.1, s__Salmonella houtenae, 95.0, 94.76, 0.873; GCF_008692845.1, s__Salmonella arizonae, 95.0, 93.31, 0.836; GCF_000252995.1, s__Salmonella bongori, 95.0, 90.15, 0.84	95.69	11	N/A	N/A
GCA_006520415.1_PDT000412169.1_genomic	d__Bacteria;p__Pseudomonadota;c__Gammaproteobacteria;o__Enterobacterales;f__Enterobacteriaceae;g__Salmonella;s__Salmonella enterica	GCF_000006945.2	95.0604	d__Bacteria;p__Pseudomonadota;c__Gammaproteobacteria;o__Enterobacterales;f__Enterobacteriaceae;g__Salmonella;s__Salmonella enterica	99.94	0.976	GCF_000006945.2	95.0604	d__Bacteria;p__Pseudomonadota;c__Gammaproteobacteria;o__Enterobacterales;f__Enterobacteriaceae;g__Salmonella;s__Salmonella enterica	99.94	0.976	d__Bacteria;p__Pseudomonadota;c__Gammaproteobacteria;o__Enterobacterales;f__Enterobacteriaceae;g__Salmonella;s__	taxonomic classification defined by topology and ANI	topological placement and ANI have congruent species assignments	GCF_008692785.1, s__Salmonella diarizonae, 95.0604, 95.09, 0.807; GCA_900478215.1, s__Salmonella houtenae, 95.0, 94.79, 0.829; GCF_008692845.1, s__Salmonella arizonae, 95.0, 93.29, 0.838; GCF_000252995.1, s__Salmonella bongori, 95.0, 90.06, 0.827	96.76	11	N/A	N/A
GCA_006573285.1_PDT000245917.2_genomic	d__Bacteria;p__Pseudomonadota;c__Gammaproteobacteria;o__Enterobacterales;f__Enterobacteriaceae;g__Salmonella;s__Salmonella arizonae	GCF_008692845.1	95.0	d__Bacteria;p__Pseudomonadota;c__Gammaproteobacteria;o__Enterobacterales;f__Enterobacteriaceae;g__Salmonella;s__Salmonella arizonae	99.26	0.944	GCF_008692845.1	95.0	d__Bacteria;p__Pseudomonadota;c__Gammaproteobacteria;o__Enterobacterales;f__Enterobacteriaceae;g__Salmonella;s__Salmonella arizonae	99.26	0.944	d__Bacteria;p__Pseudomonadota;c__Gammaproteobacteria;o__Enterobacterales;f__Enterobacteriaceae;g__Salmonella;s__	taxonomic classification defined by topology and ANI	topological placement and ANI have congruent species assignments	GCF_008692785.1, s__Salmonella diarizonae, 95.0604, 93.94, 0.855; GCF_000006945.2, s__Salmonella enterica, 95.0604, 93.33, 0.823; GCA_900478215.1, s__Salmonella houtenae, 95.0, 93.31, 0.843; GCF_000252995.1, s__Salmonella bongori, 95.0, 89.39, 0.803	96.74	11	N/A	N/A
GCA_006586285.1_PDT000331962.1_genomic	d__Bacteria;p__Pseudomonadota;c__Gammaproteobacteria;o__Enterobacterales;f__Enterobacteriaceae;g__Salmonella;s__Salmonella enterica	GCF_000006945.2	95.0604	d__Bacteria;p__Pseudomonadota;c__Gammaproteobacteria;o__Enterobacterales;f__Enterobacteriaceae;g__Salmonella;s__Salmonella enterica	99.93	0.932	GCF_000006945.2	95.0604	d__Bacteria;p__Pseudomonadota;c__Gammaproteobacteria;o__Enterobacterales;f__Enterobacteriaceae;g__Salmonella;s__Salmonella enterica	99.93	0.932	d__Bacteria;p__Pseudomonadota;c__Gammaproteobacteria;o__Enterobacterales;f__Enterobacteriaceae;g__Salmonella;s__	taxonomic classification defined by topology and ANI	topological placement and ANI have congruent species assignments	GCF_008692785.1, s__Salmonella diarizonae, 95.0604, 95.08, 0.786; GCA_900478215.1, s__Salmonella houtenae, 95.0, 94.82, 0.835; GCF_008692845.1, s__Salmonella arizonae, 95.0, 93.33, 0.832; GCF_000252995.1, s__Salmonella bongori, 95.0, 90.04, 0.826	97.6	11	N/A	N/A
GCA_006600785.1_PDT000352021.1_genomic	d__Bacteria;p__Pseudomonadota;c__Gammaproteobacteria;o__Enterobacterales;f__Enterobacteriaceae;g__Salmonella;s__Salmonella arizonae	GCF_008692845.1	95.0	d__Bacteria;p__Pseudomonadota;c__Gammaproteobacteria;o__Enterobacterales;f__Enterobacteriaceae;g__Salmonella;s__Salmonella arizonae	99.19	0.952	GCF_008692845.1	95.0	d__Bacteria;p__Pseudomonadota;c__Gammaproteobacteria;o__Enterobacterales;f__Enterobacteriaceae;g__Salmonella;s__Salmonella arizonae	99.19	0.952	d__Bacteria;p__Pseudomonadota;c__Gammaproteobacteria;o__Enterobacterales;f__Enterobacteriaceae;g__Salmonella;s__	taxonomic classification defined by topology and ANI	topological placement and ANI have congruent species assignments	GCF_008692785.1, s__Salmonella diarizonae, 95.0604, 93.88, 0.873; GCA_900478215.1, s__Salmonella houtenae, 95.0, 93.39, 0.852; GCF_000006945.2, s__Salmonella enterica, 95.0604, 93.29, 0.849; GCF_000252995.1, s__Salmonella bongori, 95.0, 89.44, 0.804	98.39	11	N/A	N/A
GCA_006621605.1_PDT000368074.1_genomic	d__Bacteria;p__Pseudomonadota;c__Gammaproteobacteria;o__Enterobacterales;f__Enterobacteriaceae;g__Salmonella;s__Salmonella enterica	GCF_000006945.2	95.0604	d__Bacteria;p__Pseudomonadota;c__Gammaproteobacteria;o__Enterobacterales;f__Enterobacteriaceae;g__Salmonella;s__Salmonella enterica	98.88	0.959	GCF_000006945.2	95.0604	d__Bacteria;p__Pseudomonadota;c__Gammaproteobacteria;o__Enterobacterales;f__Enterobacteriaceae;g__Salmonella;s__Salmonella enterica	98.88	0.959	d__Bacteria;p__Pseudomonadota;c__Gammaproteobacteria;o__Enterobacterales;f__Enterobacteriaceae;g__Salmonella;s__	taxonomic classification defined by topology and ANI	topological placement and ANI have congruent species assignments	GCF_008692785.1, s__Salmonella diarizonae, 95.0604, 95.18, 0.825; GCA_900478215.1, s__Salmonella houtenae, 95.0, 94.86, 0.822; GCF_008692845.1, s__Salmonella arizonae, 95.0, 93.43, 0.821; GCF_000252995.1, s__Salmonella bongori, 95.0, 90.1, 0.825	96.76	11	N/A	N/A
GCA_006645785.1_PDT000322394.1_genomic	d__Bacteria;p__Pseudomonadota;c__Gammaproteobacteria;o__Enterobacterales;f__Enterobacteriaceae;g__Salmonella;s__Salmonella enterica	GCF_000006945.2	95.0604	d__Bacteria;p__Pseudomonadota;c__Gammaproteobacteria;o__Enterobacterales;f__Enterobacteriaceae;g__Salmonella;s__Salmonella enterica	98.29	0.946	GCF_000006945.2	95.0604	d__Bacteria;p__Pseudomonadota;c__Gammaproteobacteria;o__Enterobacterales;f__Enterobacteriaceae;g__Salmonella;s__Salmonella enterica	98.29	0.946	d__Bacteria;p__Pseudomonadota;c__Gammaproteobacteria;o__Enterobacterales;f__Enterobacteriaceae;g__Salmonella;s__	taxonomic classification defined by topology and ANI	topological placement and ANI have congruent species assignments	GCF_008692785.1, s__Salmonella diarizonae, 95.0604, 95.14, 0.857; GCA_900478215.1, s__Salmonella houtenae, 95.0, 94.89, 0.85; GCF_008692845.1, s__Salmonella arizonae, 95.0, 93.28, 0.83; GCF_000252995.1, s__Salmonella bongori, 95.0, 90.1, 0.818	97.6	11	N/A	N/A
GCA_006681545.1_PDT000376970.1_genomic	d__Bacteria;p__Pseudomonadota;c__Gammaproteobacteria;o__Enterobacterales;f__Enterobacteriaceae;g__Salmonella;s__Salmonella arizonae	GCF_008692845.1	95.0	d__Bacteria;p__Pseudomonadota;c__Gammaproteobacteria;o__Enterobacterales;f__Enterobacteriaceae;g__Salmonella;s__Salmonella arizonae	99.21	0.95	GCF_008692845.1	95.0	d__Bacteria;p__Pseudomonadota;c__Gammaproteobacteria;o__Enterobacterales;f__Enterobacteriaceae;g__Salmonella;s__Salmonella arizonae	99.21	0.95	d__Bacteria;p__Pseudomonadota;c__Gammaproteobacteria;o__Enterobacterales;f__Enterobacteriaceae;g__Salmonella;s__	taxonomic classification defined by topology and ANI	topological placement and ANI have congruent species assignments	GCF_008692785.1, s__Salmonella diarizonae, 95.0604, 93.99, 0.881; GCA_900478215.1, s__Salmonella houtenae, 95.0, 93.41, 0.865; GCF_000006945.2, s__Salmonella enterica, 95.0604, 93.32, 0.863; GCF_000252995.1, s__Salmonella bongori, 95.0, 89.48, 0.824	97.56	11	N/A	N/A
GCA_006820565.1_PDT000330005.1_genomic	d__Bacteria;p__Pseudomonadota;c__Gammaproteobacteria;o__Enterobacterales;f__Enterobacteriaceae;g__Salmonella;s__Salmonella enterica	GCF_000006945.2	95.0604	d__Bacteria;p__Pseudomonadota;c__Gammaproteobacteria;o__Enterobacterales;f__Enterobacteriaceae;g__Salmonella;s__Salmonella enterica	99.92	0.968	GCF_000006945.2	95.0604	d__Bacteria;p__Pseudomonadota;c__Gammaproteobacteria;o__Enterobacterales;f__Enterobacteriaceae;g__Salmonella;s__Salmonella enterica	99.92	0.968	d__Bacteria;p__Pseudomonadota;c__Gammaproteobacteria;o__Enterobacterales;f__Enterobacteriaceae;g__Salmonella;s__	taxonomic classification defined by topology and ANI	topological placement and ANI have congruent species assignments	GCF_008692785.1, s__Salmonella diarizonae, 95.0604, 95.1, 0.796; GCA_900478215.1, s__Salmonella houtenae, 95.0, 94.76, 0.816; GCF_008692845.1, s__Salmonella arizonae, 95.0, 93.29, 0.818; GCF_000252995.1, s__Salmonella bongori, 95.0, 90.05, 0.806	97.6	11	N/A	N/A
GCA_006898825.1_PDT000119806.3_genomic	d__Bacteria;p__Pseudomonadota;c__Gammaproteobacteria;o__Enterobacterales;f__Enterobacteriaceae;g__Salmonella;s__Salmonella enterica	GCF_000006945.2	95.0604	d__Bacteria;p__Pseudomonadota;c__Gammaproteobacteria;o__Enterobacterales;f__Enterobacteriaceae;g__Salmonella;s__Salmonella enterica	98.92	0.945	GCF_000006945.2	95.0604	d__Bacteria;p__Pseudomonadota;c__Gammaproteobacteria;o__Enterobacterales;f__Enterobacteriaceae;g__Salmonella;s__Salmonella enterica	98.92	0.945	d__Bacteria;p__Pseudomonadota;c__Gammaproteobacteria;o__Enterobacterales;f__Enterobacteriaceae;g__Salmonella;s__	taxonomic classification defined by topology and ANI	topological placement and ANI have congruent species assignments	GCF_008692785.1, s__Salmonella diarizonae, 95.0604, 95.1, 0.808; GCA_900478215.1, s__Salmonella houtenae, 95.0, 94.76, 0.824; GCF_008692845.1, s__Salmonella arizonae, 95.0, 93.29, 0.84; GCF_000252995.1, s__Salmonella bongori, 95.0, 90.04, 0.834	96.76	11	N/A	N/A
GCA_006954705.1_PDT000182972.2_genomic	d__Bacteria;p__Pseudomonadota;c__Gammaproteobacteria;o__Enterobacterales;f__Enterobacteriaceae;g__Salmonella;s__Salmonella arizonae	GCF_008692845.1	95.0	d__Bacteria;p__Pseudomonadota;c__Gammaproteobacteria;o__Enterobacterales;f__Enterobacteriaceae;g__Salmonella;s__Salmonella arizonae	99.38	0.97	GCF_008692845.1	95.0	d__Bacteria;p__Pseudomonadota;c__Gammaproteobacteria;o__Enterobacterales;f__Enterobacteriaceae;g__Salmonella;s__Salmonella arizonae	99.38	0.97	d__Bacteria;p__Pseudomonadota;c__Gammaproteobacteria;o__Enterobacterales;f__Enterobacteriaceae;g__Salmonella;s__	taxonomic classification defined by topology and ANI	topological placement and ANI have congruent species assignments	GCF_008692785.1, s__Salmonella diarizonae, 95.0604, 93.94, 0.883; GCF_000006945.2, s__Salmonella enterica, 95.0604, 93.43, 0.845; GCA_900478215.1, s__Salmonella houtenae, 95.0, 93.42, 0.865; GCF_000252995.1, s__Salmonella bongori, 95.0, 89.55, 0.823	97.56	11	N/A	N/A
GCA_007069595.1_PDT000245767.2_genomic	d__Bacteria;p__Pseudomonadota;c__Gammaproteobacteria;o__Enterobacterales;f__Enterobacteriaceae;g__Salmonella;s__Salmonella enterica	GCF_000006945.2	95.0604	d__Bacteria;p__Pseudomonadota;c__Gammaproteobacteria;o__Enterobacterales;f__Enterobacteriaceae;g__Salmonella;s__Salmonella enterica	98.96	0.964	GCF_000006945.2	95.0604	d__Bacteria;p__Pseudomonadota;c__Gammaproteobacteria;o__Enterobacterales;f__Enterobacteriaceae;g__Salmonella;s__Salmonella enterica	98.96	0.964	d__Bacteria;p__Pseudomonadota;c__Gammaproteobacteria;o__Enterobacterales;f__Enterobacteriaceae;g__Salmonella;s__	taxonomic classification defined by topology and ANI	topological placement and ANI have congruent species assignments	GCF_008692785.1, s__Salmonella diarizonae, 95.0604, 95.1, 0.843; GCA_900478215.1, s__Salmonella houtenae, 95.0, 94.81, 0.844; GCF_008692845.1, s__Salmonella arizonae, 95.0, 93.31, 0.826; GCF_000252995.1, s__Salmonella bongori, 95.0, 90.12, 0.822	96.76	11	N/A	N/A
GCA_007172435.1_PDT000329763.1_genomic	d__Bacteria;p__Pseudomonadota;c__Gammaproteobacteria;o__Enterobacterales;f__Enterobacteriaceae;g__Salmonella;s__Salmonella enterica	GCF_000006945.2	95.0604	d__Bacteria;p__Pseudomonadota;c__Gammaproteobacteria;o__Enterobacterales;f__Enterobacteriaceae;g__Salmonella;s__Salmonella enterica	98.93	0.97	GCF_000006945.2	95.0604	d__Bacteria;p__Pseudomonadota;c__Gammaproteobacteria;o__Enterobacterales;f__Enterobacteriaceae;g__Salmonella;s__Salmonella enterica	98.93	0.97	d__Bacteria;p__Pseudomonadota;c__Gammaproteobacteria;o__Enterobacterales;f__Enterobacteriaceae;g__Salmonella;s__	taxonomic classification defined by topology and ANI	topological placement and ANI have congruent species assignments	GCF_008692785.1, s__Salmonella diarizonae, 95.0604, 95.09, 0.846; GCA_900478215.1, s__Salmonella houtenae, 95.0, 94.79, 0.834; GCF_008692845.1, s__Salmonella arizonae, 95.0, 93.3, 0.84; GCF_000252995.1, s__Salmonella bongori, 95.0, 90.08, 0.821	96.76	11	N/A	N/A
GCA_007268085.1_PDT000344892.1_genomic	d__Bacteria;p__Pseudomonadota;c__Gammaproteobacteria;o__Enterobacterales;f__Enterobacteriaceae;g__Salmonella;s__Salmonella enterica	GCF_000006945.2	95.0604	d__Bacteria;p__Pseudomonadota;c__Gammaproteobacteria;o__Enterobacterales;f__Enterobacteriaceae;g__Salmonella;s__Salmonella enterica	98.83	0.963	GCF_000006945.2	95.0604	d__Bacteria;p__Pseudomonadota;c__Gammaproteobacteria;o__Enterobacterales;f__Enterobacteriaceae;g__Salmonella;s__Salmonella enterica	98.83	0.963	d__Bacteria;p__Pseudomonadota;c__Gammaproteobacteria;o__Enterobacterales;f__Enterobacteriaceae;g__Salmonella;s__	taxonomic classification defined by topology and ANI	topological placement and ANI have congruent species assignments	GCF_008692785.1, s__Salmonella diarizonae, 95.0604, 95.03, 0.835; GCA_900478215.1, s__Salmonella houtenae, 95.0, 94.75, 0.84; GCF_008692845.1, s__Salmonella arizonae, 95.0, 93.23, 0.826; GCF_000252995.1, s__Salmonella bongori, 95.0, 90.15, 0.812	96.76	11	N/A	N/A
GCA_007291735.1_PDT000376713.1_genomic	d__Bacteria;p__Pseudomonadota;c__Gammaproteobacteria;o__Enterobacterales;f__Enterobacteriaceae;g__Salmonella;s__Salmonella enterica	GCF_000006945.2	95.0604	d__Bacteria;p__Pseudomonadota;c__Gammaproteobacteria;o__Enterobacterales;f__Enterobacteriaceae;g__Salmonella;s__Salmonella enterica	99.96	0.965	GCF_000006945.2	95.0604	d__Bacteria;p__Pseudomonadota;c__Gammaproteobacteria;o__Enterobacterales;f__Enterobacteriaceae;g__Salmonella;s__Salmonella enterica	99.96	0.965	d__Bacteria;p__Pseudomonadota;c__Gammaproteobacteria;o__Enterobacterales;f__Enterobacteriaceae;g__Salmonella;s__	taxonomic classification defined by topology and ANI	topological placement and ANI have congruent species assignments	GCF_008692785.1, s__Salmonella diarizonae, 95.0604, 95.12, 0.799; GCA_900478215.1, s__Salmonella houtenae, 95.0, 94.8, 0.828; GCF_008692845.1, s__Salmonella arizonae, 95.0, 93.33, 0.829; GCF_000252995.1, s__Salmonella bongori, 95.0, 90.05, 0.824	97.6	11	N/A	N/A
GCA_007318095.1_PDT000384811.1_genomic	d__Bacteria;p__Pseudomonadota;c__Gammaproteobacteria;o__Enterobacterales;f__Enterobacteriaceae;g__Salmonella;s__Salmonella enterica	GCF_000006945.2	95.0604	d__Bacteria;p__Pseudomonadota;c__Gammaproteobacteria;o__Enterobacterales;f__Enterobacteriaceae;g__Salmonella;s__Salmonella enterica	99.94	0.981	GCF_000006945.2	95.0604	d__Bacteria;p__Pseudomonadota;c__Gammaproteobacteria;o__Enterobacterales;f__Enterobacteriaceae;g__Salmonella;s__Salmonella enterica	99.94	0.981	d__Bacteria;p__Pseudomonadota;c__Gammaproteobacteria;o__Enterobacterales;f__Enterobacteriaceae;g__Salmonella;s__	taxonomic classification defined by topology and ANI	topological placement and ANI have congruent species assignments	GCF_008692785.1, s__Salmonella diarizonae, 95.0604, 95.05, 0.805; GCA_900478215.1, s__Salmonella houtenae, 95.0, 94.78, 0.828; GCF_008692845.1, s__Salmonella arizonae, 95.0, 93.27, 0.836; GCF_000252995.1, s__Salmonella bongori, 95.0, 90.02, 0.817	96.76	11	N/A	N/A
GCA_007547775.1_PDT000049747.3_genomic	d__Bacteria;p__Pseudomonadota;c__Gammaproteobacteria;o__Enterobacterales;f__Enterobacteriaceae;g__Salmonella;s__Salmonella houtenae	GCA_900478215.1	95.0	d__Bacteria;p__Pseudomonadota;c__Gammaproteobacteria;o__Enterobacterales;f__Enterobacteriaceae;g__Salmonella;s__Salmonella houtenae	99.65	0.942	GCA_900478215.1	95.0	d__Bacteria;p__Pseudomonadota;c__Gammaproteobacteria;o__Enterobacterales;f__Enterobacteriaceae;g__Salmonella;s__Salmonella houtenae	99.65	0.942	d__Bacteria;p__Pseudomonadota;c__Gammaproteobacteria;o__Enterobacterales;f__Enterobacteriaceae;g__Salmonella;s__	taxonomic classification defined by topology and ANI	topological placement and ANI have congruent species assignments	GCF_008692785.1, s__Salmonella diarizonae, 95.0604, 94.92, 0.835; GCF_000006945.2, s__Salmonella enterica, 95.0604, 94.82, 0.84; GCF_008692845.1, s__Salmonella arizonae, 95.0, 93.31, 0.855; GCF_000252995.1, s__Salmonella bongori, 95.0, 89.78, 0.844	97.6	11	N/A	N/A
GCA_007662685.1_PDT000309148.2_genomic	d__Bacteria;p__Pseudomonadota;c__Gammaproteobacteria;o__Enterobacterales;f__Enterobacteriaceae;g__Salmonella;s__Salmonella enterica	GCF_000006945.2	95.0604	d__Bacteria;p__Pseudomonadota;c__Gammaproteobacteria;o__Enterobacterales;f__Enterobacteriaceae;g__Salmonella;s__Salmonella enterica	98.79	0.972	GCF_000006945.2	95.0604	d__Bacteria;p__Pseudomonadota;c__Gammaproteobacteria;o__Enterobacterales;f__Enterobacteriaceae;g__Salmonella;s__Salmonella enterica	98.79	0.972	d__Bacteria;p__Pseudomonadota;c__Gammaproteobacteria;o__Enterobacterales;f__Enterobacteriaceae;g__Salmonella;s__	taxonomic classification defined by topology and ANI	topological placement and ANI have congruent species assignments	GCF_008692785.1, s__Salmonella diarizonae, 95.0604, 95.09, 0.827; GCA_900478215.1, s__Salmonella houtenae, 95.0, 94.74, 0.834; GCF_008692845.1, s__Salmonella arizonae, 95.0, 93.28, 0.839; GCF_000252995.1, s__Salmonella bongori, 95.0, 90.11, 0.832	96.76	11	N/A	N/A
GCA_007871445.1_PDT000551055.1_genomic	d__Bacteria;p__Pseudomonadota;c__Gammaproteobacteria;o__Enterobacterales;f__Enterobacteriaceae;g__Salmonella;s__Salmonella arizonae	GCF_008692845.1	95.0	d__Bacteria;p__Pseudomonadota;c__Gammaproteobacteria;o__Enterobacterales;f__Enterobacteriaceae;g__Salmonella;s__Salmonella arizonae	99.34	0.961	GCF_008692845.1	95.0	d__Bacteria;p__Pseudomonadota;c__Gammaproteobacteria;o__Enterobacterales;f__Enterobacteriaceae;g__Salmonella;s__Salmonella arizonae	99.34	0.961	d__Bacteria;p__Pseudomonadota;c__Gammaproteobacteria;o__Enterobacterales;f__Enterobacteriaceae;g__Salmonella;s__	taxonomic classification defined by topology and ANI	topological placement and ANI have congruent species assignments	GCF_008692785.1, s__Salmonella diarizonae, 95.0604, 93.88, 0.883; GCA_900478215.1, s__Salmonella houtenae, 95.0, 93.25, 0.87; GCF_000006945.2, s__Salmonella enterica, 95.0604, 93.22, 0.852; GCF_000252995.1, s__Salmonella bongori, 95.0, 89.45, 0.807	97.56	11	N/A	N/A
GCA_007979745.1_PDT000557916.1_genomic	d__Bacteria;p__Pseudomonadota;c__Gammaproteobacteria;o__Enterobacterales;f__Enterobacteriaceae;g__Salmonella;s__Salmonella houtenae	GCA_900478215.1	95.0	d__Bacteria;p__Pseudomonadota;c__Gammaproteobacteria;o__Enterobacterales;f__Enterobacteriaceae;g__Salmonella;s__Salmonella houtenae	96.74	0.921	N/A	N/A	N/A	N/A	N/A	d__Bacteria;p__Pseudomonadota;c__Gammaproteobacteria;o__Enterobacterales;f__Enterobacteriaceae;g__Salmonella;s__	ANI	topological placement and ANI have incongruent species assignments	GCA_900478215.1, s__Salmonella houtenae, 95.0, 96.74, 0.921; GCF_008692785.1, s__Salmonella diarizonae, 95.0604, 94.03, 0.867; GCF_000006945.2, s__Salmonella enterica, 95.0604, 93.72, 0.852; GCF_008692845.1, s__Salmonella arizonae, 95.0, 92.88, 0.855; GCF_000252995.1, s__Salmonella bongori, 95.0, 89.61, 0.831	97.52	11	N/A	N/A
GCA_008129745.1_PDT000568725.1_genomic	d__Bacteria;p__Pseudomonadota;c__Gammaproteobacteria;o__Enterobacterales;f__Enterobacteriaceae;g__Salmonella;s__Salmonella enterica	GCF_000006945.2	95.0604	d__Bacteria;p__Pseudomonadota;c__Gammaproteobacteria;o__Enterobacterales;f__Enterobacteriaceae;g__Salmonella;s__Salmonella enterica	98.85	0.962	GCF_000006945.2	95.0604	d__Bacteria;p__Pseudomonadota;c__Gammaproteobacteria;o__Enterobacterales;f__Enterobacteriaceae;g__Salmonella;s__Salmonella enterica	98.85	0.962	d__Bacteria;p__Pseudomonadota;c__Gammaproteobacteria;o__Enterobacterales;f__Enterobacteriaceae;g__Salmonella;s__	taxonomic classification defined by topology and ANI	topological placement and ANI have congruent species assignments	GCF_008692785.1, s__Salmonella diarizonae, 95.0604, 95.1, 0.834; GCA_900478215.1, s__Salmonella houtenae, 95.0, 94.77, 0.838; GCF_008692845.1, s__Salmonella arizonae, 95.0, 93.3, 0.828; GCF_000252995.1, s__Salmonella bongori, 95.0, 90.15, 0.816	96.76	11	N/A	N/A
GCA_008318075.1_PDT000580223.1_genomic	d__Bacteria;p__Pseudomonadota;c__Gammaproteobacteria;o__Enterobacterales;f__Enterobacteriaceae;g__Salmonella;s__Salmonella arizonae	GCF_008692845.1	95.0	d__Bacteria;p__Pseudomonadota;c__Gammaproteobacteria;o__Enterobacterales;f__Enterobacteriaceae;g__Salmonella;s__Salmonella arizonae	99.99	0.996	GCF_008692845.1	95.0	d__Bacteria;p__Pseudomonadota;c__Gammaproteobacteria;o__Enterobacterales;f__Enterobacteriaceae;g__Salmonella;s__Salmonella arizonae	99.99	0.996	d__Bacteria;p__Pseudomonadota;c__Gammaproteobacteria;o__Enterobacterales;f__Enterobacteriaceae;g__Salmonella;s__	taxonomic classification defined by topology and ANI	topological placement and ANI have congruent species assignments	GCF_008692785.1, s__Salmonella diarizonae, 95.0604, 93.85, 0.91; GCA_900478215.1, s__Salmonella houtenae, 95.0, 93.36, 0.881; GCF_000006945.2, s__Salmonella enterica, 95.0604, 93.3, 0.868; GCF_000252995.1, s__Salmonella bongori, 95.0, 89.48, 0.83	97.56	11	N/A	N/A
GCA_008484405.1_PDT000192900.2_genomic	d__Bacteria;p__Pseudomonadota;c__Gammaproteobacteria;o__Enterobacterales;f__Enterobacteriaceae;g__Salmonella;s__Salmonella arizonae	GCF_008692845.1	95.0	d__Bacteria;p__Pseudomonadota;c__Gammaproteobacteria;o__Enterobacterales;f__Enterobacteriaceae;g__Salmonella;s__Salmonella arizonae	99.28	0.974	GCF_008692845.1	95.0	d__Bacteria;p__Pseudomonadota;c__Gammaproteobacteria;o__Enterobacterales;f__Enterobacteriaceae;g__Salmonella;s__Salmonella arizonae	99.28	0.974	d__Bacteria;p__Pseudomonadota;c__Gammaproteobacteria;o__Enterobacterales;f__Enterobacteriaceae;g__Salmonella;s__	taxonomic classification defined by topology and ANI	topological placement and ANI have congruent species assignments	GCF_008692785.1, s__Salmonella diarizonae, 95.0604, 93.86, 0.839; GCA_900478215.1, s__Salmonella houtenae, 95.0, 93.31, 0.822; GCF_000006945.2, s__Salmonella enterica, 95.0604, 93.28, 0.799; GCF_000252995.1, s__Salmonella bongori, 95.0, 89.46, 0.81	95.91	11	N/A	N/A
GCA_008595545.1_PDT000276500.2_genomic	d__Bacteria;p__Pseudomonadota;c__Gammaproteobacteria;o__Enterobacterales;f__Enterobacteriaceae;g__Salmonella;s__Salmonella arizonae	GCF_008692845.1	95.0	d__Bacteria;p__Pseudomonadota;c__Gammaproteobacteria;o__Enterobacterales;f__Enterobacteriaceae;g__Salmonella;s__Salmonella arizonae	99.26	0.965	GCF_008692845.1	95.0	d__Bacteria;p__Pseudomonadota;c__Gammaproteobacteria;o__Enterobacterales;f__Enterobacteriaceae;g__Salmonella;s__Salmonella arizonae	99.26	0.965	d__Bacteria;p__Pseudomonadota;c__Gammaproteobacteria;o__Enterobacterales;f__Enterobacteriaceae;g__Salmonella;s__	taxonomic classification defined by topology and ANI	topological placement and ANI have congruent species assignments	GCF_008692785.1, s__Salmonella diarizonae, 95.0604, 93.88, 0.894; GCF_000006945.2, s__Salmonella enterica, 95.0604, 93.36, 0.859; GCA_900478215.1, s__Salmonella houtenae, 95.0, 93.32, 0.873; GCF_000252995.1, s__Salmonella bongori, 95.0, 89.4, 0.827	97.56	11	N/A	N/A
GCA_008738935.1_PDT000099291.2_genomic	d__Bacteria;p__Pseudomonadota;c__Gammaproteobacteria;o__Enterobacterales;f__Enterobacteriaceae;g__Salmonella;s__Salmonella enterica	GCF_000006945.2	95.0604	d__Bacteria;p__Pseudomonadota;c__Gammaproteobacteria;o__Enterobacterales;f__Enterobacteriaceae;g__Salmonella;s__Salmonella enterica	98.27	0.942	GCF_000006945.2	95.0604	d__Bacteria;p__Pseudomonadota;c__Gammaproteobacteria;o__Enterobacterales;f__Enterobacteriaceae;g__Salmonella;s__Salmonella enterica	98.27	0.942	d__Bacteria;p__Pseudomonadota;c__Gammaproteobacteria;o__Enterobacterales;f__Enterobacteriaceae;g__Salmonella;s__	taxonomic classification defined by topology and ANI	topological placement and ANI have congruent species assignments	GCF_008692785.1, s__Salmonella diarizonae, 95.0604, 95.11, 0.853; GCA_900478215.1, s__Salmonella houtenae, 95.0, 94.81, 0.848; GCF_008692845.1, s__Salmonella arizonae, 95.0, 93.32, 0.833; GCF_000252995.1, s__Salmonella bongori, 95.0, 90.09, 0.834	96.76	11	N/A	N/A
GCA_008768655.1_PDT000588866.3_genomic	d__Bacteria;p__Pseudomonadota;c__Gammaproteobacteria;o__Enterobacterales;f__Enterobacteriaceae;g__Salmonella;s__Salmonella enterica	GCF_000006945.2	95.0604	d__Bacteria;p__Pseudomonadota;c__Gammaproteobacteria;o__Enterobacterales;f__Enterobacteriaceae;g__Salmonella;s__Salmonella enterica	99.96	0.96	GCF_000006945.2	95.0604	d__Bacteria;p__Pseudomonadota;c__Gammaproteobacteria;o__Enterobacterales;f__Enterobacteriaceae;g__Salmonella;s__Salmonella enterica	99.96	0.96	d__Bacteria;p__Pseudomonadota;c__Gammaproteobacteria;o__Enterobacterales;f__Enterobacteriaceae;g__Salmonella;s__	taxonomic classification defined by topology and ANI	topological placement and ANI have congruent species assignments	GCF_008692785.1, s__Salmonella diarizonae, 95.0604, 95.08, 0.81; GCA_900478215.1, s__Salmonella houtenae, 95.0, 94.76, 0.835; GCF_008692845.1, s__Salmonella arizonae, 95.0, 93.33, 0.837; GCF_000252995.1, s__Salmonella bongori, 95.0, 90.08, 0.83	96.76	11	N/A	N/A
GCA_008889405.1_PDT000599713.1_genomic	d__Bacteria;p__Pseudomonadota;c__Gammaproteobacteria;o__Enterobacterales;f__Enterobacteriaceae;g__Salmonella;s__Salmonella enterica	GCF_000006945.2	95.0604	d__Bacteria;p__Pseudomonadota;c__Gammaproteobacteria;o__Enterobacterales;f__Enterobacteriaceae;g__Salmonella;s__Salmonella enterica	98.85	0.965	GCF_000006945.2	95.0604	d__Bacteria;p__Pseudomonadota;c__Gammaproteobacteria;o__Enterobacterales;f__Enterobacteriaceae;g__Salmonella;s__Salmonella enterica	98.85	0.965	d__Bacteria;p__Pseudomonadota;c__Gammaproteobacteria;o__Enterobacterales;f__Enterobacteriaceae;g__Salmonella;s__	taxonomic classification defined by topology and ANI	topological placement and ANI have congruent species assignments	GCF_008692785.1, s__Salmonella diarizonae, 95.0604, 95.09, 0.847; GCA_900478215.1, s__Salmonella houtenae, 95.0, 94.8, 0.854; GCF_008692845.1, s__Salmonella arizonae, 95.0, 93.29, 0.825; GCF_000252995.1, s__Salmonella bongori, 95.0, 90.09, 0.83	96.76	11	N/A	N/A
GCA_008908285.1_PDT000133734.2_genomic	d__Bacteria;p__Pseudomonadota;c__Gammaproteobacteria;o__Enterobacterales;f__Enterobacteriaceae;g__Salmonella;s__Salmonella enterica	GCF_000006945.2	95.0604	d__Bacteria;p__Pseudomonadota;c__Gammaproteobacteria;o__Enterobacterales;f__Enterobacteriaceae;g__Salmonella;s__Salmonella enterica	98.8	0.965	GCF_000006945.2	95.0604	d__Bacteria;p__Pseudomonadota;c__Gammaproteobacteria;o__Enterobacterales;f__Enterobacteriaceae;g__Salmonella;s__Salmonella enterica	98.8	0.965	d__Bacteria;p__Pseudomonadota;c__Gammaproteobacteria;o__Enterobacterales;f__Enterobacteriaceae;g__Salmonella;s__	taxonomic classification defined by topology and ANI	topological placement and ANI have congruent species assignments	GCF_008692785.1, s__Salmonella diarizonae, 95.0604, 95.08, 0.833; GCA_900478215.1, s__Salmonella houtenae, 95.0, 94.78, 0.831; GCF_008692845.1, s__Salmonella arizonae, 95.0, 93.24, 0.844; GCF_000252995.1, s__Salmonella bongori, 95.0, 90.11, 0.831	96.76	11	N/A	N/A
GCA_009049765.1_PDT000163145.3_genomic	d__Bacteria;p__Pseudomonadota;c__Gammaproteobacteria;o__Enterobacterales;f__Enterobacteriaceae;g__Salmonella;s__Salmonella enterica	GCF_000006945.2	95.0604	d__Bacteria;p__Pseudomonadota;c__Gammaproteobacteria;o__Enterobacterales;f__Enterobacteriaceae;g__Salmonella;s__Salmonella enterica	98.84	0.961	GCF_000006945.2	95.0604	d__Bacteria;p__Pseudomonadota;c__Gammaproteobacteria;o__Enterobacterales;f__Enterobacteriaceae;g__Salmonella;s__Salmonella enterica	98.84	0.961	d__Bacteria;p__Pseudomonadota;c__Gammaproteobacteria;o__Enterobacterales;f__Enterobacteriaceae;g__Salmonella;s__	taxonomic classification defined by topology and ANI	topological placement and ANI have congruent species assignments	GCF_008692785.1, s__Salmonella diarizonae, 95.0604, 95.08, 0.836; GCA_900478215.1, s__Salmonella houtenae, 95.0, 94.75, 0.837; GCF_008692845.1, s__Salmonella arizonae, 95.0, 93.31, 0.834; GCF_000252995.1, s__Salmonella bongori, 95.0, 90.16, 0.822	96.76	11	N/A	N/A
GCA_009204065.1_PDT000203282.2_genomic	d__Bacteria;p__Pseudomonadota;c__Gammaproteobacteria;o__Enterobacterales;f__Enterobacteriaceae;g__Salmonella;s__Salmonella enterica	GCF_000006945.2	95.0604	d__Bacteria;p__Pseudomonadota;c__Gammaproteobacteria;o__Enterobacterales;f__Enterobacteriaceae;g__Salmonella;s__Salmonella enterica	98.83	0.966	GCF_000006945.2	95.0604	d__Bacteria;p__Pseudomonadota;c__Gammaproteobacteria;o__Enterobacterales;f__Enterobacteriaceae;g__Salmonella;s__Salmonella enterica	98.83	0.966	d__Bacteria;p__Pseudomonadota;c__Gammaproteobacteria;o__Enterobacterales;f__Enterobacteriaceae;g__Salmonella;s__	taxonomic classification defined by topology and ANI	topological placement and ANI have congruent species assignments	GCF_008692785.1, s__Salmonella diarizonae, 95.0604, 95.12, 0.84; GCA_900478215.1, s__Salmonella houtenae, 95.0, 94.72, 0.85; GCF_008692845.1, s__Salmonella arizonae, 95.0, 93.33, 0.829; GCF_000252995.1, s__Salmonella bongori, 95.0, 90.14, 0.827	96.76	11	N/A	N/A
GCA_009365675.1_PDT000224389.2_genomic	d__Bacteria;p__Pseudomonadota;c__Gammaproteobacteria;o__Enterobacterales;f__Enterobacteriaceae;g__Salmonella;s__Salmonella enterica	GCF_000006945.2	95.0604	d__Bacteria;p__Pseudomonadota;c__Gammaproteobacteria;o__Enterobacterales;f__Enterobacteriaceae;g__Salmonella;s__Salmonella enterica	98.4	0.902	GCF_000006945.2	95.0604	d__Bacteria;p__Pseudomonadota;c__Gammaproteobacteria;o__Enterobacterales;f__Enterobacteriaceae;g__Salmonella;s__Salmonella enterica	98.4	0.902	d__Bacteria;p__Pseudomonadota;c__Gammaproteobacteria;o__Enterobacterales;f__Enterobacteriaceae;g__Salmonella;s__	taxonomic classification defined by topology and ANI	topological placement and ANI have congruent species assignments	GCF_008692785.1, s__Salmonella diarizonae, 95.0604, 95.06, 0.788; GCA_900478215.1, s__Salmonella houtenae, 95.0, 94.75, 0.827; GCF_008692845.1, s__Salmonella arizonae, 95.0, 93.18, 0.841; GCF_000252995.1, s__Salmonella bongori, 95.0, 90.17, 0.833	98.43	11	N/A	N/A
GCA_010241675.1_PDT000446425.1_genomic	d__Bacteria;p__Pseudomonadota;c__Gammaproteobacteria;o__Enterobacterales;f__Enterobacteriaceae;g__Salmonella;s__Salmonella enterica	GCF_000006945.2	95.0604	d__Bacteria;p__Pseudomonadota;c__Gammaproteobacteria;o__Enterobacterales;f__Enterobacteriaceae;g__Salmonella;s__Salmonella enterica	98.18	0.917	GCF_000006945.2	95.0604	d__Bacteria;p__Pseudomonadota;c__Gammaproteobacteria;o__Enterobacterales;f__Enterobacteriaceae;g__Salmonella;s__Salmonella enterica	98.18	0.917	d__Bacteria;p__Pseudomonadota;c__Gammaproteobacteria;o__Enterobacterales;f__Enterobacteriaceae;g__Salmonella;s__	taxonomic classification defined by topology and ANI	topological placement and ANI have congruent species assignments	GCF_008692785.1, s__Salmonella diarizonae, 95.0604, 94.93, 0.816; GCA_900478215.1, s__Salmonella houtenae, 95.0, 94.72, 0.828; GCF_008692845.1, s__Salmonella arizonae, 95.0, 93.16, 0.819; GCF_000252995.1, s__Salmonella bongori, 95.0, 89.96, 0.816	98.43	11	N/A	N/A
GCA_010369145.1_PDT000042270.4_genomic	d__Bacteria;p__Pseudomonadota;c__Gammaproteobacteria;o__Enterobacterales;f__Enterobacteriaceae;g__Salmonella;s__Salmonella arizonae	GCF_008692845.1	95.0	d__Bacteria;p__Pseudomonadota;c__Gammaproteobacteria;o__Enterobacterales;f__Enterobacteriaceae;g__Salmonella;s__Salmonella arizonae	99.27	0.964	GCF_008692845.1	95.0	d__Bacteria;p__Pseudomonadota;c__Gammaproteobacteria;o__Enterobacterales;f__Enterobacteriaceae;g__Salmonella;s__Salmonella arizonae	99.27	0.964	d__Bacteria;p__Pseudomonadota;c__Gammaproteobacteria;o__Enterobacterales;f__Enterobacteriaceae;g__Salmonella;s__	taxonomic classification defined by topology and ANI	topological placement and ANI have congruent species assignments	GCF_008692785.1, s__Salmonella diarizonae, 95.0604, 93.91, 0.859; GCA_900478215.1, s__Salmonella houtenae, 95.0, 93.33, 0.849; GCF_000006945.2, s__Salmonella enterica, 95.0604, 93.26, 0.839; GCF_000252995.1, s__Salmonella bongori, 95.0, 89.42, 0.812	97.56	11	N/A	N/A
GCA_010546645.1_PDT000102410.2_genomic	d__Bacteria;p__Pseudomonadota;c__Gammaproteobacteria;o__Enterobacterales;f__Enterobacteriaceae;g__Salmonella;s__Salmonella enterica	GCF_000006945.2	95.0604	d__Bacteria;p__Pseudomonadota;c__Gammaproteobacteria;o__Enterobacterales;f__Enterobacteriaceae;g__Salmonella;s__Salmonella enterica	99.95	0.951	GCF_000006945.2	95.0604	d__Bacteria;p__Pseudomonadota;c__Gammaproteobacteria;o__Enterobacterales;f__Enterobacteriaceae;g__Salmonella;s__Salmonella enterica	99.95	0.951	d__Bacteria;p__Pseudomonadota;c__Gammaproteobacteria;o__Enterobacterales;f__Enterobacteriaceae;g__Salmonella;s__	taxonomic classification defined by topology and ANI	topological placement and ANI have congruent species assignments	GCF_008692785.1, s__Salmonella diarizonae, 95.0604, 95.09, 0.794; GCA_900478215.1, s__Salmonella houtenae, 95.0, 94.83, 0.836; GCF_008692845.1, s__Salmonella arizonae, 95.0, 93.31, 0.838; GCF_000252995.1, s__Salmonella bongori, 95.0, 90.05, 0.832	96.76	11	N/A	N/A
GCA_010606485.1_PDT000253764.2_genomic	d__Bacteria;p__Pseudomonadota;c__Gammaproteobacteria;o__Enterobacterales;f__Enterobacteriaceae;g__Salmonella;s__Salmonella arizonae	GCF_008692845.1	95.0	d__Bacteria;p__Pseudomonadota;c__Gammaproteobacteria;o__Enterobacterales;f__Enterobacteriaceae;g__Salmonella;s__Salmonella arizonae	99.28	0.965	GCF_008692845.1	95.0	d__Bacteria;p__Pseudomonadota;c__Gammaproteobacteria;o__Enterobacterales;f__Enterobacteriaceae;g__Salmonella;s__Salmonella arizonae	99.28	0.965	d__Bacteria;p__Pseudomonadota;c__Gammaproteobacteria;o__Enterobacterales;f__Enterobacteriaceae;g__Salmonella;s__	taxonomic classification defined by topology and ANI	topological placement and ANI have congruent species assignments	GCF_008692785.1, s__Salmonella diarizonae, 95.0604, 93.85, 0.864; GCA_900478215.1, s__Salmonella houtenae, 95.0, 93.29, 0.847; GCF_000006945.2, s__Salmonella enterica, 95.0604, 93.26, 0.836; GCF_000252995.1, s__Salmonella bongori, 95.0, 89.38, 0.815	97.56	11	N/A	N/A
GCA_010822605.1_PDT000649592.1_genomic	d__Bacteria;p__Pseudomonadota;c__Gammaproteobacteria;o__Enterobacterales;f__Enterobacteriaceae;g__Salmonella;s__Salmonella enterica	GCF_000006945.2	95.0604	d__Bacteria;p__Pseudomonadota;c__Gammaproteobacteria;o__Enterobacterales;f__Enterobacteriaceae;g__Salmonella;s__Salmonella enterica	98.83	0.977	GCF_000006945.2	95.0604	d__Bacteria;p__Pseudomonadota;c__Gammaproteobacteria;o__Enterobacterales;f__Enterobacteriaceae;g__Salmonella;s__Salmonella enterica	98.83	0.977	d__Bacteria;p__Pseudomonadota;c__Gammaproteobacteria;o__Enterobacterales;f__Enterobacteriaceae;g__Salmonella;s__	taxonomic classification defined by topology and ANI	topological placement and ANI have congruent species assignments	GCF_008692785.1, s__Salmonella diarizonae, 95.0604, 95.11, 0.844; GCA_900478215.1, s__Salmonella houtenae, 95.0, 94.75, 0.84; GCF_008692845.1, s__Salmonella arizonae, 95.0, 93.31, 0.84; GCF_000252995.1, s__Salmonella bongori, 95.0, 90.05, 0.833	96.76	11	N/A	N/A
GCA_010845305.1_PDT000662484.1_genomic	d__Bacteria;p__Pseudomonadota;c__Gammaproteobacteria;o__Enterobacterales;f__Enterobacteriaceae;g__Salmonella;s__Salmonella arizonae	GCF_008692845.1	95.0	d__Bacteria;p__Pseudomonadota;c__Gammaproteobacteria;o__Enterobacterales;f__Enterobacteriaceae;g__Salmonella;s__Salmonella arizonae	99.21	0.955	GCF_008692845.1	95.0	d__Bacteria;p__Pseudomonadota;c__Gammaproteobacteria;o__Enterobacterales;f__Enterobacteriaceae;g__Salmonella;s__Salmonella arizonae	99.21	0.955	d__Bacteria;p__Pseudomonadota;c__Gammaproteobacteria;o__Enterobacterales;f__Enterobacteriaceae;g__Salmonella;s__	taxonomic classification defined by topology and ANI	topological placement and ANI have congruent species assignments	GCF_008692785.1, s__Salmonella diarizonae, 95.0604, 93.76, 0.882; GCA_900478215.1, s__Salmonella houtenae, 95.0, 93.31, 0.86; GCF_000006945.2, s__Salmonella enterica, 95.0604, 93.23, 0.842; GCF_000252995.1, s__Salmonella bongori, 95.0, 89.41, 0.804	97.56	11	N/A	N/A
GCA_011109015.1_PDT000054102.2_genomic	d__Bacteria;p__Pseudomonadota;c__Gammaproteobacteria;o__Enterobacterales;f__Enterobacteriaceae;g__Salmonella;s__Salmonella enterica	GCF_000006945.2	95.0604	d__Bacteria;p__Pseudomonadota;c__Gammaproteobacteria;o__Enterobacterales;f__Enterobacteriaceae;g__Salmonella;s__Salmonella enterica	99.96	0.964	GCF_000006945.2	95.0604	d__Bacteria;p__Pseudomonadota;c__Gammaproteobacteria;o__Enterobacterales;f__Enterobacteriaceae;g__Salmonella;s__Salmonella enterica	99.96	0.964	d__Bacteria;p__Pseudomonadota;c__Gammaproteobacteria;o__Enterobacterales;f__Enterobacteriaceae;g__Salmonella;s__	taxonomic classification defined by topology and ANI	topological placement and ANI have congruent species assignments	GCF_008692785.1, s__Salmonella diarizonae, 95.0604, 95.13, 0.81; GCA_900478215.1, s__Salmonella houtenae, 95.0, 94.84, 0.824; GCF_008692845.1, s__Salmonella arizonae, 95.0, 93.36, 0.825; GCF_000252995.1, s__Salmonella bongori, 95.0, 90.07, 0.814	96.76	11	N/A	N/A
GCA_011270145.1_PDT000671002.1_genomic	d__Bacteria;p__Pseudomonadota;c__Gammaproteobacteria;o__Enterobacterales;f__Enterobacteriaceae;g__Salmonella;s__Salmonella enterica	GCF_000006945.2	95.0604	d__Bacteria;p__Pseudomonadota;c__Gammaproteobacteria;o__Enterobacterales;f__Enterobacteriaceae;g__Salmonella;s__Salmonella enterica	98.85	0.968	GCF_000006945.2	95.0604	d__Bacteria;p__Pseudomonadota;c__Gammaproteobacteria;o__Enterobacterales;f__Enterobacteriaceae;g__Salmonella;s__Salmonella enterica	98.85	0.968	d__Bacteria;p__Pseudomonadota;c__Gammaproteobacteria;o__Enterobacterales;f__Enterobacteriaceae;g__Salmonella;s__	taxonomic classification defined by topology and ANI	topological placement and ANI have congruent species assignments	GCF_008692785.1, s__Salmonella diarizonae, 95.0604, 95.12, 0.842; GCA_900478215.1, s__Salmonella houtenae, 95.0, 94.76, 0.843; GCF_008692845.1, s__Salmonella arizonae, 95.0, 93.31, 0.826; GCF_000252995.1, s__Salmonella bongori, 95.0, 90.11, 0.823	96.76	11	N/A	N/A
GCA_011400925.1_PDT000254112.2_genomic	d__Bacteria;p__Pseudomonadota;c__Gammaproteobacteria;o__Enterobacterales;f__Enterobacteriaceae;g__Salmonella;s__Salmonella arizonae	GCF_008692845.1	95.0	d__Bacteria;p__Pseudomonadota;c__Gammaproteobacteria;o__Enterobacterales;f__Enterobacteriaceae;g__Salmonella;s__Salmonella arizonae	99.36	0.949	GCF_008692845.1	95.0	d__Bacteria;p__Pseudomonadota;c__Gammaproteobacteria;o__Enterobacterales;f__Enterobacteriaceae;g__Salmonella;s__Salmonella arizonae	99.36	0.949	d__Bacteria;p__Pseudomonadota;c__Gammaproteobacteria;o__Enterobacterales;f__Enterobacteriaceae;g__Salmonella;s__	taxonomic classification defined by topology and ANI	topological placement and ANI have congruent species assignments	GCF_008692785.1, s__Salmonella diarizonae, 95.0604, 93.86, 0.86; GCA_900478215.1, s__Salmonella houtenae, 95.0, 93.34, 0.85; GCF_000006945.2, s__Salmonella enterica, 95.0604, 93.3, 0.836; GCF_000252995.1, s__Salmonella bongori, 95.0, 89.46, 0.797	97.56	11	N/A	N/A
GCA_011479135.1_PDT000639097.1_genomic	d__Bacteria;p__Pseudomonadota;c__Gammaproteobacteria;o__Enterobacterales;f__Enterobacteriaceae;g__Salmonella;s__Salmonella arizonae	GCF_008692845.1	95.0	d__Bacteria;p__Pseudomonadota;c__Gammaproteobacteria;o__Enterobacterales;f__Enterobacteriaceae;g__Salmonella;s__Salmonella arizonae	99.38	0.973	GCF_008692845.1	95.0	d__Bacteria;p__Pseudomonadota;c__Gammaproteobacteria;o__Enterobacterales;f__Enterobacteriaceae;g__Salmonella;s__Salmonella arizonae	99.38	0.973	d__Bacteria;p__Pseudomonadota;c__Gammaproteobacteria;o__Enterobacterales;f__Enterobacteriaceae;g__Salmonella;s__	taxonomic classification defined by topology and ANI	topological placement and ANI have congruent species assignments	GCF_008692785.1, s__Salmonella diarizonae, 95.0604, 93.91, 0.888; GCA_900478215.1, s__Salmonella houtenae, 95.0, 93.46, 0.872; GCF_000006945.2, s__Salmonella enterica, 95.0604, 93.35, 0.863; GCF_000252995.1, s__Salmonella bongori, 95.0, 89.53, 0.816	97.56	11	N/A	N/A
GCA_011509145.1_PDT000706084.1_genomic	d__Bacteria;p__Pseudomonadota;c__Gammaproteobacteria;o__Enterobacterales;f__Enterobacteriaceae;g__Salmonella;s__Salmonella arizonae	GCF_008692845.1	95.0	d__Bacteria;p__Pseudomonadota;c__Gammaproteobacteria;o__Enterobacterales;f__Enterobacteriaceae;g__Salmonella;s__Salmonella arizonae	99.29	0.953	GCF_008692845.1	95.0	d__Bacteria;p__Pseudomonadota;c__Gammaproteobacteria;o__Enterobacterales;f__Enterobacteriaceae;g__Salmonella;s__Salmonella arizonae	99.29	0.953	d__Bacteria;p__Pseudomonadota;c__Gammaproteobacteria;o__Enterobacterales;f__Enterobacteriaceae;g__Salmonella;s__	taxonomic classification defined by topology and ANI	topological placement and ANI have congruent species assignments	GCF_008692785.1, s__Salmonella diarizonae, 95.0604, 93.86, 0.884; GCA_900478215.1, s__Salmonella houtenae, 95.0, 93.33, 0.855; GCF_000006945.2, s__Salmonella enterica, 95.0604, 93.24, 0.851; GCF_000252995.1, s__Salmonella bongori, 95.0, 89.48, 0.809	97.56	11	N/A	N/A
GCA_011609185.1_PDT000628716.1_genomic	d__Bacteria;p__Pseudomonadota;c__Gammaproteobacteria;o__Enterobacterales;f__Enterobacteriaceae;g__Salmonella;s__Salmonella arizonae	GCF_008692845.1	95.0	d__Bacteria;p__Pseudomonadota;c__Gammaproteobacteria;o__Enterobacterales;f__Enterobacteriaceae;g__Salmonella;s__Salmonella arizonae	99.22	0.956	GCF_008692845.1	95.0	d__Bacteria;p__Pseudomonadota;c__Gammaproteobacteria;o__Enterobacterales;f__Enterobacteriaceae;g__Salmonella;s__Salmonella arizonae	99.22	0.956	d__Bacteria;p__Pseudomonadota;c__Gammaproteobacteria;o__Enterobacterales;f__Enterobacteriaceae;g__Salmonella;s__	taxonomic classification defined by topology and ANI	topological placement and ANI have congruent species assignments	GCF_008692785.1, s__Salmonella diarizonae, 95.0604, 93.79, 0.879; GCA_900478215.1, s__Salmonella houtenae, 95.0, 93.31, 0.862; GCF_000006945.2, s__Salmonella enterica, 95.0604, 93.25, 0.842; GCF_000252995.1, s__Salmonella bongori, 95.0, 89.44, 0.802	97.56	11	N/A	N/A
GCA_011757165.1_PDT000714315.1_genomic	d__Bacteria;p__Pseudomonadota;c__Gammaproteobacteria;o__Enterobacterales;f__Enterobacteriaceae;g__Salmonella;s__Salmonella arizonae	GCF_008692845.1	95.0	d__Bacteria;p__Pseudomonadota;c__Gammaproteobacteria;o__Enterobacterales;f__Enterobacteriaceae;g__Salmonella;s__Salmonella arizonae	99.3	0.964	GCF_008692845.1	95.0	d__Bacteria;p__Pseudomonadota;c__Gammaproteobacteria;o__Enterobacterales;f__Enterobacteriaceae;g__Salmonella;s__Salmonella arizonae	99.3	0.964	d__Bacteria;p__Pseudomonadota;c__Gammaproteobacteria;o__Enterobacterales;f__Enterobacteriaceae;g__Salmonella;s__	taxonomic classification defined by topology and ANI	topological placement and ANI have congruent species assignments	GCF_008692785.1, s__Salmonella diarizonae, 95.0604, 93.83, 0.826; GCA_900478215.1, s__Salmonella houtenae, 95.0, 93.34, 0.826; GCF_000006945.2, s__Salmonella enterica, 95.0604, 93.3, 0.801; GCF_000252995.1, s__Salmonella bongori, 95.0, 89.42, 0.804	95.91	11	N/A	N/A
GCA_013240745.1_ASM1324074v1_genomic	d__Bacteria;p__Pseudomonadota;c__Gammaproteobacteria;o__Enterobacterales;f__Enterobacteriaceae;g__Salmonella;s__Salmonella enterica	GCF_000006945.2	95.0604	d__Bacteria;p__Pseudomonadota;c__Gammaproteobacteria;o__Enterobacterales;f__Enterobacteriaceae;g__Salmonella;s__Salmonella enterica	99.91	0.986	GCF_000006945.2	95.0604	d__Bacteria;p__Pseudomonadota;c__Gammaproteobacteria;o__Enterobacterales;f__Enterobacteriaceae;g__Salmonella;s__Salmonella enterica	99.91	0.986	d__Bacteria;p__Pseudomonadota;c__Gammaproteobacteria;o__Enterobacterales;f__Enterobacteriaceae;g__Salmonella;s__	taxonomic classification defined by topology and ANI	topological placement and ANI have congruent species assignments	GCF_008692785.1, s__Salmonella diarizonae, 95.0604, 95.08, 0.795; GCA_900478215.1, s__Salmonella houtenae, 95.0, 94.87, 0.827; GCF_008692845.1, s__Salmonella arizonae, 95.0, 93.28, 0.836; GCF_000252995.1, s__Salmonella bongori, 95.0, 90.06, 0.822	96.76	11	N/A	N/A
GCA_013482945.1_PDT000793930.1_genomic	d__Bacteria;p__Pseudomonadota;c__Gammaproteobacteria;o__Enterobacterales;f__Enterobacteriaceae;g__Salmonella;s__Salmonella enterica	GCF_000006945.2	95.0604	d__Bacteria;p__Pseudomonadota;c__Gammaproteobacteria;o__Enterobacterales;f__Enterobacteriaceae;g__Salmonella;s__Salmonella enterica	98.94	0.966	GCF_000006945.2	95.0604	d__Bacteria;p__Pseudomonadota;c__Gammaproteobacteria;o__Enterobacterales;f__Enterobacteriaceae;g__Salmonella;s__Salmonella enterica	98.94	0.966	d__Bacteria;p__Pseudomonadota;c__Gammaproteobacteria;o__Enterobacterales;f__Enterobacteriaceae;g__Salmonella;s__	taxonomic classification defined by topology and ANI	topological placement and ANI have congruent species assignments	GCF_008692785.1, s__Salmonella diarizonae, 95.0604, 95.24, 0.836; GCA_900478215.1, s__Salmonella houtenae, 95.0, 94.93, 0.851; GCF_008692845.1, s__Salmonella arizonae, 95.0, 93.41, 0.811; GCF_000252995.1, s__Salmonella bongori, 95.0, 90.16, 0.817	96.76	11	N/A	N/A
GCA_013553575.1_PDT000794173.1_genomic	d__Bacteria;p__Pseudomonadota;c__Gammaproteobacteria;o__Enterobacterales;f__Enterobacteriaceae;g__Salmonella;s__Salmonella houtenae	GCA_900478215.1	95.0	d__Bacteria;p__Pseudomonadota;c__Gammaproteobacteria;o__Enterobacterales;f__Enterobacteriaceae;g__Salmonella;s__Salmonella houtenae	96.72	0.869	N/A	N/A	N/A	N/A	N/A	d__Bacteria;p__Pseudomonadota;c__Gammaproteobacteria;o__Enterobacterales;f__Enterobacteriaceae;g__Salmonella;s__	ANI	topological placement and ANI have incongruent species assignments	GCA_900478215.1, s__Salmonella houtenae, 95.0, 96.72, 0.869; GCF_008692785.1, s__Salmonella diarizonae, 95.0604, 94.01, 0.808; GCF_000006945.2, s__Salmonella enterica, 95.0604, 93.68, 0.787; GCF_008692845.1, s__Salmonella arizonae, 95.0, 92.86, 0.804; GCF_000252995.1, s__Salmonella bongori, 95.0, 89.51, 0.794	97.54	11	N/A	N/A
GCA_013558115.1_PDT000787574.1_genomic	d__Bacteria;p__Pseudomonadota;c__Gammaproteobacteria;o__Enterobacterales;f__Enterobacteriaceae;g__Salmonella;s__Salmonella arizonae	GCF_008692845.1	95.0	d__Bacteria;p__Pseudomonadota;c__Gammaproteobacteria;o__Enterobacterales;f__Enterobacteriaceae;g__Salmonella;s__Salmonella arizonae	99.28	0.945	GCF_008692845.1	95.0	d__Bacteria;p__Pseudomonadota;c__Gammaproteobacteria;o__Enterobacterales;f__Enterobacteriaceae;g__Salmonella;s__Salmonella arizonae	99.28	0.945	d__Bacteria;p__Pseudomonadota;c__Gammaproteobacteria;o__Enterobacterales;f__Enterobacteriaceae;g__Salmonella;s__	taxonomic classification defined by topology and ANI	topological placement and ANI have congruent species assignments	GCF_008692785.1, s__Salmonella diarizonae, 95.0604, 93.82, 0.853; GCA_900478215.1, s__Salmonella houtenae, 95.0, 93.3, 0.836; GCF_000006945.2, s__Salmonella enterica, 95.0604, 93.21, 0.82; GCF_000252995.1, s__Salmonella bongori, 95.0, 89.39, 0.805	97.56	11	N/A	N/A
GCA_013810005.1_PDT000747710.1_genomic	d__Bacteria;p__Pseudomonadota;c__Gammaproteobacteria;o__Enterobacterales;f__Enterobacteriaceae;g__Salmonella;s__Salmonella arizonae	GCF_008692845.1	95.0	d__Bacteria;p__Pseudomonadota;c__Gammaproteobacteria;o__Enterobacterales;f__Enterobacteriaceae;g__Salmonella;s__Salmonella arizonae	99.31	0.937	GCF_008692845.1	95.0	d__Bacteria;p__Pseudomonadota;c__Gammaproteobacteria;o__Enterobacterales;f__Enterobacteriaceae;g__Salmonella;s__Salmonella arizonae	99.31	0.937	d__Bacteria;p__Pseudomonadota;c__Gammaproteobacteria;o__Enterobacterales;f__Enterobacteriaceae;g__Salmonella;s__	taxonomic classification defined by topology and ANI	topological placement and ANI have congruent species assignments	GCF_008692785.1, s__Salmonella diarizonae, 95.0604, 93.85, 0.824; GCA_900478215.1, s__Salmonella houtenae, 95.0, 93.28, 0.822; GCF_000006945.2, s__Salmonella enterica, 95.0604, 93.23, 0.788; GCF_000252995.1, s__Salmonella bongori, 95.0, 89.46, 0.8	97.56	11	N/A	N/A
GCA_014052845.1_PDT000801420.1_genomic	d__Bacteria;p__Pseudomonadota;c__Gammaproteobacteria;o__Enterobacterales;f__Enterobacteriaceae;g__Salmonella;s__Salmonella arizonae	GCF_008692845.1	95.0	d__Bacteria;p__Pseudomonadota;c__Gammaproteobacteria;o__Enterobacterales;f__Enterobacteriaceae;g__Salmonella;s__Salmonella arizonae	99.37	0.976	GCF_008692845.1	95.0	d__Bacteria;p__Pseudomonadota;c__Gammaproteobacteria;o__Enterobacterales;f__Enterobacteriaceae;g__Salmonella;s__Salmonella arizonae	99.37	0.976	d__Bacteria;p__Pseudomonadota;c__Gammaproteobacteria;o__Enterobacterales;f__Enterobacteriaceae;g__Salmonella;s__	taxonomic classification defined by topology and ANI	topological placement and ANI have congruent species assignments	GCF_008692785.1, s__Salmonella diarizonae, 95.0604, 93.81, 0.884; GCA_900478215.1, s__Salmonella houtenae, 95.0, 93.33, 0.85; GCF_000006945.2, s__Salmonella enterica, 95.0604, 93.32, 0.839; GCF_000252995.1, s__Salmonella bongori, 95.0, 89.49, 0.811	97.56	11	N/A	N/A
GCA_014213695.1_PDT000810249.1_genomic	d__Bacteria;p__Pseudomonadota;c__Gammaproteobacteria;o__Enterobacterales;f__Enterobacteriaceae;g__Salmonella;s__Salmonella enterica	GCF_000006945.2	95.0604	d__Bacteria;p__Pseudomonadota;c__Gammaproteobacteria;o__Enterobacterales;f__Enterobacteriaceae;g__Salmonella;s__Salmonella enterica	98.85	0.933	GCF_000006945.2	95.0604	d__Bacteria;p__Pseudomonadota;c__Gammaproteobacteria;o__Enterobacterales;f__Enterobacteriaceae;g__Salmonella;s__Salmonella enterica	98.85	0.933	d__Bacteria;p__Pseudomonadota;c__Gammaproteobacteria;o__Enterobacterales;f__Enterobacteriaceae;g__Salmonella;s__	taxonomic classification defined by topology and ANI	topological placement and ANI have congruent species assignments	GCF_008692785.1, s__Salmonella diarizonae, 95.0604, 95.12, 0.804; GCA_900478215.1, s__Salmonella houtenae, 95.0, 94.82, 0.835; GCF_008692845.1, s__Salmonella arizonae, 95.0, 93.24, 0.843; GCF_000252995.1, s__Salmonella bongori, 95.0, 90.04, 0.836	98.43	11	N/A	N/A
GCA_014246215.1_PDT000814964.1_genomic	d__Bacteria;p__Pseudomonadota;c__Gammaproteobacteria;o__Enterobacterales;f__Enterobacteriaceae;g__Salmonella;s__Salmonella enterica	GCF_000006945.2	95.0604	d__Bacteria;p__Pseudomonadota;c__Gammaproteobacteria;o__Enterobacterales;f__Enterobacteriaceae;g__Salmonella;s__Salmonella enterica	98.82	0.928	GCF_000006945.2	95.0604	d__Bacteria;p__Pseudomonadota;c__Gammaproteobacteria;o__Enterobacterales;f__Enterobacteriaceae;g__Salmonella;s__Salmonella enterica	98.82	0.928	d__Bacteria;p__Pseudomonadota;c__Gammaproteobacteria;o__Enterobacterales;f__Enterobacteriaceae;g__Salmonella;s__	taxonomic classification defined by topology and ANI	topological placement and ANI have congruent species assignments	GCF_008692785.1, s__Salmonella diarizonae, 95.0604, 95.1, 0.8; GCA_900478215.1, s__Salmonella houtenae, 95.0, 94.79, 0.84; GCF_008692845.1, s__Salmonella arizonae, 95.0, 93.23, 0.845; GCF_000252995.1, s__Salmonella bongori, 95.0, 90.07, 0.829	97.6	11	N/A	N/A
GCA_014253585.1_PDT000816468.1_genomic	d__Bacteria;p__Pseudomonadota;c__Gammaproteobacteria;o__Enterobacterales;f__Enterobacteriaceae;g__Salmonella;s__Salmonella enterica	GCF_000006945.2	95.0604	d__Bacteria;p__Pseudomonadota;c__Gammaproteobacteria;o__Enterobacterales;f__Enterobacteriaceae;g__Salmonella;s__Salmonella enterica	98.92	0.954	GCF_000006945.2	95.0604	d__Bacteria;p__Pseudomonadota;c__Gammaproteobacteria;o__Enterobacterales;f__Enterobacteriaceae;g__Salmonella;s__Salmonella enterica	98.92	0.954	d__Bacteria;p__Pseudomonadota;c__Gammaproteobacteria;o__Enterobacterales;f__Enterobacteriaceae;g__Salmonella;s__	taxonomic classification defined by topology and ANI	topological placement and ANI have congruent species assignments	GCF_008692785.1, s__Salmonella diarizonae, 95.0604, 95.18, 0.822; GCA_900478215.1, s__Salmonella houtenae, 95.0, 94.8, 0.829; GCF_008692845.1, s__Salmonella arizonae, 95.0, 93.32, 0.842; GCF_000252995.1, s__Salmonella bongori, 95.0, 90.13, 0.843	96.76	11	N/A	N/A
GCA_014937925.1_PDT000863026.1_genomic	d__Bacteria;p__Pseudomonadota;c__Gammaproteobacteria;o__Enterobacterales;f__Enterobacteriaceae;g__Salmonella;s__Salmonella arizonae	GCF_008692845.1	95.0	d__Bacteria;p__Pseudomonadota;c__Gammaproteobacteria;o__Enterobacterales;f__Enterobacteriaceae;g__Salmonella;s__Salmonella arizonae	99.33	0.931	GCF_008692845.1	95.0	d__Bacteria;p__Pseudomonadota;c__Gammaproteobacteria;o__Enterobacterales;f__Enterobacteriaceae;g__Salmonella;s__Salmonella arizonae	99.33	0.931	d__Bacteria;p__Pseudomonadota;c__Gammaproteobacteria;o__Enterobacterales;f__Enterobacteriaceae;g__Salmonella;s__	taxonomic classification defined by topology and ANI	topological placement and ANI have congruent species assignments	GCF_008692785.1, s__Salmonella diarizonae, 95.0604, 93.88, 0.856; GCA_900478215.1, s__Salmonella houtenae, 95.0, 93.31, 0.838; GCF_000006945.2, s__Salmonella enterica, 95.0604, 93.27, 0.824; GCF_000252995.1, s__Salmonella bongori, 95.0, 89.48, 0.79	97.56	11	N/A	N/A
GCA_015085155.1_PDT000856529.1_genomic	d__Bacteria;p__Pseudomonadota;c__Gammaproteobacteria;o__Enterobacterales;f__Enterobacteriaceae;g__Salmonella;s__Salmonella enterica	GCF_000006945.2	95.0604	d__Bacteria;p__Pseudomonadota;c__Gammaproteobacteria;o__Enterobacterales;f__Enterobacteriaceae;g__Salmonella;s__Salmonella enterica	98.86	0.921	GCF_000006945.2	95.0604	d__Bacteria;p__Pseudomonadota;c__Gammaproteobacteria;o__Enterobacterales;f__Enterobacteriaceae;g__Salmonella;s__Salmonella enterica	98.86	0.921	d__Bacteria;p__Pseudomonadota;c__Gammaproteobacteria;o__Enterobacterales;f__Enterobacteriaceae;g__Salmonella;s__	taxonomic classification defined by topology and ANI	topological placement and ANI have congruent species assignments	GCF_008692785.1, s__Salmonella diarizonae, 95.0604, 95.13, 0.812; GCA_900478215.1, s__Salmonella houtenae, 95.0, 94.76, 0.835; GCF_008692845.1, s__Salmonella arizonae, 95.0, 93.35, 0.836; GCF_000252995.1, s__Salmonella bongori, 95.0, 90.11, 0.822	96.76	11	N/A	N/A
GCA_015130155.1_PDT000871564.1_genomic	d__Bacteria;p__Pseudomonadota;c__Gammaproteobacteria;o__Enterobacterales;f__Enterobacteriaceae;g__Salmonella;s__Salmonella arizonae	GCF_008692845.1	95.0	d__Bacteria;p__Pseudomonadota;c__Gammaproteobacteria;o__Enterobacterales;f__Enterobacteriaceae;g__Salmonella;s__Salmonella arizonae	99.18	0.943	GCF_008692845.1	95.0	d__Bacteria;p__Pseudomonadota;c__Gammaproteobacteria;o__Enterobacterales;f__Enterobacteriaceae;g__Salmonella;s__Salmonella arizonae	99.18	0.943	d__Bacteria;p__Pseudomonadota;c__Gammaproteobacteria;o__Enterobacterales;f__Enterobacteriaceae;g__Salmonella;s__	taxonomic classification defined by topology and ANI	topological placement and ANI have congruent species assignments	GCF_008692785.1, s__Salmonella diarizonae, 95.0604, 93.88, 0.878; GCA_900478215.1, s__Salmonella houtenae, 95.0, 93.33, 0.856; GCF_000006945.2, s__Salmonella enterica, 95.0604, 93.33, 0.845; GCF_000252995.1, s__Salmonella bongori, 95.0, 89.44, 0.803	97.56	11	N/A	N/A
GCA_015909345.1_PDT000908077.1_genomic	d__Bacteria;p__Pseudomonadota;c__Gammaproteobacteria;o__Enterobacterales;f__Enterobacteriaceae;g__Salmonella;s__Salmonella houtenae	GCA_900478215.1	95.0	d__Bacteria;p__Pseudomonadota;c__Gammaproteobacteria;o__Enterobacterales;f__Enterobacteriaceae;g__Salmonella;s__Salmonella houtenae	99.37	0.947	GCA_900478215.1	95.0	d__Bacteria;p__Pseudomonadota;c__Gammaproteobacteria;o__Enterobacterales;f__Enterobacteriaceae;g__Salmonella;s__Salmonella houtenae	99.37	0.947	d__Bacteria;p__Pseudomonadota;c__Gammaproteobacteria;o__Enterobacterales;f__Enterobacteriaceae;g__Salmonella;s__	taxonomic classification defined by topology and ANI	topological placement and ANI have congruent species assignments	GCF_008692785.1, s__Salmonella diarizonae, 95.0604, 94.9, 0.863; GCF_000006945.2, s__Salmonella enterica, 95.0604, 94.78, 0.85; GCF_008692845.1, s__Salmonella arizonae, 95.0, 93.39, 0.844; GCF_000252995.1, s__Salmonella bongori, 95.0, 89.72, 0.822	96.76	11	N/A	N/A
GCA_016273905.1_PDT000455324.1_genomic	d__Bacteria;p__Pseudomonadota;c__Gammaproteobacteria;o__Enterobacterales;f__Enterobacteriaceae;g__Salmonella;s__Salmonella enterica	GCF_000006945.2	95.0604	d__Bacteria;p__Pseudomonadota;c__Gammaproteobacteria;o__Enterobacterales;f__Enterobacteriaceae;g__Salmonella;s__Salmonella enterica	98.8	0.966	GCF_000006945.2	95.0604	d__Bacteria;p__Pseudomonadota;c__Gammaproteobacteria;o__Enterobacterales;f__Enterobacteriaceae;g__Salmonella;s__Salmonella enterica	98.8	0.966	d__Bacteria;p__Pseudomonadota;c__Gammaproteobacteria;o__Enterobacterales;f__Enterobacteriaceae;g__Salmonella;s__	taxonomic classification defined by topology and ANI	topological placement and ANI have congruent species assignments	GCF_008692785.1, s__Salmonella diarizonae, 95.0604, 95.07, 0.832; GCA_900478215.1, s__Salmonella houtenae, 95.0, 94.79, 0.838; GCF_008692845.1, s__Salmonella arizonae, 95.0, 93.25, 0.844; GCF_000252995.1, s__Salmonella bongori, 95.0, 90.1, 0.824	96.76	11	N/A	N/A
GCA_016275145.1_PDT000920997.1_genomic	d__Bacteria;p__Pseudomonadota;c__Gammaproteobacteria;o__Enterobacterales;f__Enterobacteriaceae;g__Salmonella;s__Salmonella enterica	GCF_000006945.2	95.0604	d__Bacteria;p__Pseudomonadota;c__Gammaproteobacteria;o__Enterobacterales;f__Enterobacteriaceae;g__Salmonella;s__Salmonella enterica	98.82	0.949	GCF_000006945.2	95.0604	d__Bacteria;p__Pseudomonadota;c__Gammaproteobacteria;o__Enterobacterales;f__Enterobacteriaceae;g__Salmonella;s__Salmonella enterica	98.82	0.949	d__Bacteria;p__Pseudomonadota;c__Gammaproteobacteria;o__Enterobacterales;f__Enterobacteriaceae;g__Salmonella;s__	taxonomic classification defined by topology and ANI	topological placement and ANI have congruent species assignments	GCF_008692785.1, s__Salmonella diarizonae, 95.0604, 95.12, 0.815; GCA_900478215.1, s__Salmonella houtenae, 95.0, 94.72, 0.827; GCF_008692845.1, s__Salmonella arizonae, 95.0, 93.29, 0.834; GCF_000252995.1, s__Salmonella bongori, 95.0, 90.12, 0.82	96.76	11	N/A	N/A
GCA_016311625.1_PDT000921859.1_genomic	d__Bacteria;p__Pseudomonadota;c__Gammaproteobacteria;o__Enterobacterales;f__Enterobacteriaceae;g__Salmonella;s__Salmonella houtenae	GCA_900478215.1	95.0	d__Bacteria;p__Pseudomonadota;c__Gammaproteobacteria;o__Enterobacterales;f__Enterobacteriaceae;g__Salmonella;s__Salmonella houtenae	96.74	0.918	N/A	N/A	N/A	N/A	N/A	d__Bacteria;p__Pseudomonadota;c__Gammaproteobacteria;o__Enterobacterales;f__Enterobacteriaceae;g__Salmonella;s__	ANI	topological placement and ANI have incongruent species assignments	GCA_900478215.1, s__Salmonella houtenae, 95.0, 96.74, 0.918; GCF_008692785.1, s__Salmonella diarizonae, 95.0604, 93.95, 0.864; GCF_000006945.2, s__Salmonella enterica, 95.0604, 93.59, 0.85; GCF_008692845.1, s__Salmonella arizonae, 95.0, 92.87, 0.842; GCF_000252995.1, s__Salmonella bongori, 95.0, 89.54, 0.83	97.5	11	N/A	N/A
GCA_016359465.1_PDT000266244.2_genomic	d__Bacteria;p__Pseudomonadota;c__Gammaproteobacteria;o__Enterobacterales;f__Enterobacteriaceae;g__Salmonella;s__Salmonella arizonae	GCF_008692845.1	95.0	d__Bacteria;p__Pseudomonadota;c__Gammaproteobacteria;o__Enterobacterales;f__Enterobacteriaceae;g__Salmonella;s__Salmonella arizonae	99.25	0.944	GCF_008692845.1	95.0	d__Bacteria;p__Pseudomonadota;c__Gammaproteobacteria;o__Enterobacterales;f__Enterobacteriaceae;g__Salmonella;s__Salmonella arizonae	99.25	0.944	d__Bacteria;p__Pseudomonadota;c__Gammaproteobacteria;o__Enterobacterales;f__Enterobacteriaceae;g__Salmonella;s__	taxonomic classification defined by topology and ANI	topological placement and ANI have congruent species assignments	GCF_008692785.1, s__Salmonella diarizonae, 95.0604, 93.86, 0.852; GCA_900478215.1, s__Salmonella houtenae, 95.0, 93.31, 0.841; GCF_000006945.2, s__Salmonella enterica, 95.0604, 93.21, 0.833; GCF_000252995.1, s__Salmonella bongori, 95.0, 89.4, 0.804	95.91	11	N/A	N/A
GCA_016619485.1_PDT000931453.1_genomic	d__Bacteria;p__Pseudomonadota;c__Gammaproteobacteria;o__Enterobacterales;f__Enterobacteriaceae;g__Salmonella;s__Salmonella enterica	GCF_000006945.2	95.0604	d__Bacteria;p__Pseudomonadota;c__Gammaproteobacteria;o__Enterobacterales;f__Enterobacteriaceae;g__Salmonella;s__Salmonella enterica	98.83	0.902	GCF_000006945.2	95.0604	d__Bacteria;p__Pseudomonadota;c__Gammaproteobacteria;o__Enterobacterales;f__Enterobacteriaceae;g__Salmonella;s__Salmonella enterica	98.83	0.902	d__Bacteria;p__Pseudomonadota;c__Gammaproteobacteria;o__Enterobacterales;f__Enterobacteriaceae;g__Salmonella;s__	taxonomic classification defined by topology and ANI	topological placement and ANI have congruent species assignments	GCF_008692785.1, s__Salmonella diarizonae, 95.0604, 95.0, 0.794; GCA_900478215.1, s__Salmonella houtenae, 95.0, 94.75, 0.839; GCF_008692845.1, s__Salmonella arizonae, 95.0, 93.23, 0.829; GCF_000252995.1, s__Salmonella bongori, 95.0, 90.11, 0.832	98.43	11	N/A	N/A
GCA_017183295.1_PDT000944608.1_genomic	d__Bacteria;p__Pseudomonadota;c__Gammaproteobacteria;o__Enterobacterales;f__Enterobacteriaceae;g__Salmonella;s__Salmonella arizonae	GCF_008692845.1	95.0	d__Bacteria;p__Pseudomonadota;c__Gammaproteobacteria;o__Enterobacterales;f__Enterobacteriaceae;g__Salmonella;s__Salmonella arizonae	99.31	0.96	GCF_008692845.1	95.0	d__Bacteria;p__Pseudomonadota;c__Gammaproteobacteria;o__Enterobacterales;f__Enterobacteriaceae;g__Salmonella;s__Salmonella arizonae	99.31	0.96	d__Bacteria;p__Pseudomonadota;c__Gammaproteobacteria;o__Enterobacterales;f__Enterobacteriaceae;g__Salmonella;s__	taxonomic classification defined by topology and ANI	topological placement and ANI have congruent species assignments	GCF_008692785.1, s__Salmonella diarizonae, 95.0604, 93.84, 0.864; GCA_900478215.1, s__Salmonella houtenae, 95.0, 93.22, 0.86; GCF_000006945.2, s__Salmonella enterica, 95.0604, 93.22, 0.84; GCF_000252995.1, s__Salmonella bongori, 95.0, 89.39, 0.811	97.56	11	N/A	N/A
GCA_017811395.1_PDT001000463.1_genomic	d__Bacteria;p__Pseudomonadota;c__Gammaproteobacteria;o__Enterobacterales;f__Enterobacteriaceae;g__Salmonella;s__Salmonella enterica	GCF_000006945.2	95.0604	d__Bacteria;p__Pseudomonadota;c__Gammaproteobacteria;o__Enterobacterales;f__Enterobacteriaceae;g__Salmonella;s__Salmonella enterica	98.81	0.933	GCF_000006945.2	95.0604	d__Bacteria;p__Pseudomonadota;c__Gammaproteobacteria;o__Enterobacterales;f__Enterobacteriaceae;g__Salmonella;s__Salmonella enterica	98.81	0.933	d__Bacteria;p__Pseudomonadota;c__Gammaproteobacteria;o__Enterobacterales;f__Enterobacteriaceae;g__Salmonella;s__	taxonomic classification defined by topology and ANI	topological placement and ANI have congruent species assignments	GCF_008692785.1, s__Salmonella diarizonae, 95.0604, 95.06, 0.802; GCA_900478215.1, s__Salmonella houtenae, 95.0, 94.77, 0.827; GCF_008692845.1, s__Salmonella arizonae, 95.0, 93.22, 0.837; GCF_000252995.1, s__Salmonella bongori, 95.0, 90.09, 0.834	96.76	11	N/A	N/A
GCA_017923555.1_PDT001004698.1_genomic	d__Bacteria;p__Pseudomonadota;c__Gammaproteobacteria;o__Enterobacterales;f__Enterobacteriaceae;g__Salmonella;s__Salmonella enterica	GCF_000006945.2	95.0604	d__Bacteria;p__Pseudomonadota;c__Gammaproteobacteria;o__Enterobacterales;f__Enterobacteriaceae;g__Salmonella;s__Salmonella enterica	98.41	0.894	GCF_000006945.2	95.0604	d__Bacteria;p__Pseudomonadota;c__Gammaproteobacteria;o__Enterobacterales;f__Enterobacteriaceae;g__Salmonella;s__Salmonella enterica	98.41	0.894	d__Bacteria;p__Pseudomonadota;c__Gammaproteobacteria;o__Enterobacterales;f__Enterobacteriaceae;g__Salmonella;s__	taxonomic classification defined by topology and ANI	topological placement and ANI have congruent species assignments	GCF_008692785.1, s__Salmonella diarizonae, 95.0604, 95.06, 0.786; GCA_900478215.1, s__Salmonella houtenae, 95.0, 94.75, 0.831; GCF_008692845.1, s__Salmonella arizonae, 95.0, 93.32, 0.832; GCF_000252995.1, s__Salmonella bongori, 95.0, 90.07, 0.824	97.6	11	N/A	N/A
GCA_017957335.1_PDT001005597.1_genomic	d__Bacteria;p__Pseudomonadota;c__Gammaproteobacteria;o__Enterobacterales;f__Enterobacteriaceae;g__Salmonella;s__Salmonella arizonae	GCF_008692845.1	95.0	d__Bacteria;p__Pseudomonadota;c__Gammaproteobacteria;o__Enterobacterales;f__Enterobacteriaceae;g__Salmonella;s__Salmonella arizonae	99.98	0.975	GCF_008692845.1	95.0	d__Bacteria;p__Pseudomonadota;c__Gammaproteobacteria;o__Enterobacterales;f__Enterobacteriaceae;g__Salmonella;s__Salmonella arizonae	99.98	0.975	d__Bacteria;p__Pseudomonadota;c__Gammaproteobacteria;o__Enterobacterales;f__Enterobacteriaceae;g__Salmonella;s__	taxonomic classification defined by topology and ANI	topological placement and ANI have congruent species assignments	GCF_008692785.1, s__Salmonella diarizonae, 95.0604, 93.86, 0.885; GCA_900478215.1, s__Salmonella houtenae, 95.0, 93.34, 0.87; GCF_000006945.2, s__Salmonella enterica, 95.0604, 93.25, 0.85; GCF_000252995.1, s__Salmonella bongori, 95.0, 89.44, 0.802	97.56	11	N/A	N/A
GCA_018975485.1_PDT001072729.1_genomic	d__Bacteria;p__Pseudomonadota;c__Gammaproteobacteria;o__Enterobacterales;f__Enterobacteriaceae;g__Salmonella;s__Salmonella enterica	GCF_000006945.2	95.0604	d__Bacteria;p__Pseudomonadota;c__Gammaproteobacteria;o__Enterobacterales;f__Enterobacteriaceae;g__Salmonella;s__Salmonella enterica	98.27	0.89	GCF_000006945.2	95.0604	d__Bacteria;p__Pseudomonadota;c__Gammaproteobacteria;o__Enterobacterales;f__Enterobacteriaceae;g__Salmonella;s__Salmonella enterica	98.27	0.89	d__Bacteria;p__Pseudomonadota;c__Gammaproteobacteria;o__Enterobacterales;f__Enterobacteriaceae;g__Salmonella;s__	taxonomic classification defined by topology and ANI	topological placement and ANI have congruent species assignments	GCF_008692785.1, s__Salmonella diarizonae, 95.0604, 95.0, 0.803; GCA_900478215.1, s__Salmonella houtenae, 95.0, 94.79, 0.808; GCF_008692845.1, s__Salmonella arizonae, 95.0, 93.22, 0.804; GCF_000252995.1, s__Salmonella bongori, 95.0, 90.05, 0.791	97.6	11	N/A	N/A
GCA_019180895.1_PDT001084474.1_genomic	d__Bacteria;p__Pseudomonadota;c__Gammaproteobacteria;o__Enterobacterales;f__Enterobacteriaceae;g__Salmonella;s__Salmonella arizonae	GCF_008692845.1	95.0	d__Bacteria;p__Pseudomonadota;c__Gammaproteobacteria;o__Enterobacterales;f__Enterobacteriaceae;g__Salmonella;s__Salmonella arizonae	99.9	0.968	GCF_008692845.1	95.0	d__Bacteria;p__Pseudomonadota;c__Gammaproteobacteria;o__Enterobacterales;f__Enterobacteriaceae;g__Salmonella;s__Salmonella arizonae	99.9	0.968	d__Bacteria;p__Pseudomonadota;c__Gammaproteobacteria;o__Enterobacterales;f__Enterobacteriaceae;g__Salmonella;s__	taxonomic classification defined by topology and ANI	topological placement and ANI have congruent species assignments	GCF_008692785.1, s__Salmonella diarizonae, 95.0604, 93.8, 0.872; GCA_900478215.1, s__Salmonella houtenae, 95.0, 93.31, 0.844; GCF_000006945.2, s__Salmonella enterica, 95.0604, 93.24, 0.824; GCF_000252995.1, s__Salmonella bongori, 95.0, 89.36, 0.816	97.56	11	N/A	N/A
GCA_019199935.1_PDT001086278.1_genomic	d__Bacteria;p__Pseudomonadota;c__Gammaproteobacteria;o__Enterobacterales;f__Enterobacteriaceae;g__Salmonella;s__Salmonella enterica	GCF_000006945.2	95.0604	d__Bacteria;p__Pseudomonadota;c__Gammaproteobacteria;o__Enterobacterales;f__Enterobacteriaceae;g__Salmonella;s__Salmonella enterica	99.91	0.93	GCF_000006945.2	95.0604	d__Bacteria;p__Pseudomonadota;c__Gammaproteobacteria;o__Enterobacterales;f__Enterobacteriaceae;g__Salmonella;s__Salmonella enterica	99.91	0.93	d__Bacteria;p__Pseudomonadota;c__Gammaproteobacteria;o__Enterobacterales;f__Enterobacteriaceae;g__Salmonella;s__	taxonomic classification defined by topology and ANI	topological placement and ANI have congruent species assignments	GCF_008692785.1, s__Salmonella diarizonae, 95.0604, 95.13, 0.785; GCA_900478215.1, s__Salmonella houtenae, 95.0, 94.82, 0.825; GCF_008692845.1, s__Salmonella arizonae, 95.0, 93.29, 0.835; GCF_000252995.1, s__Salmonella bongori, 95.0, 90.05, 0.829	98.43	11	N/A	N/A
GCA_019500005.1_PDT001106087.1_genomic	d__Bacteria;p__Pseudomonadota;c__Gammaproteobacteria;o__Enterobacterales;f__Enterobacteriaceae;g__Salmonella;s__Salmonella arizonae	GCF_008692845.1	95.0	d__Bacteria;p__Pseudomonadota;c__Gammaproteobacteria;o__Enterobacterales;f__Enterobacteriaceae;g__Salmonella;s__Salmonella arizonae	99.3	0.951	GCF_008692845.1	95.0	d__Bacteria;p__Pseudomonadota;c__Gammaproteobacteria;o__Enterobacterales;f__Enterobacteriaceae;g__Salmonella;s__Salmonella arizonae	99.3	0.951	d__Bacteria;p__Pseudomonadota;c__Gammaproteobacteria;o__Enterobacterales;f__Enterobacteriaceae;g__Salmonella;s__	taxonomic classification defined by topology and ANI	topological placement and ANI have congruent species assignments	GCF_008692785.1, s__Salmonella diarizonae, 95.0604, 93.83, 0.85; GCA_900478215.1, s__Salmonella houtenae, 95.0, 93.34, 0.835; GCF_000006945.2, s__Salmonella enterica, 95.0604, 93.22, 0.825; GCF_000252995.1, s__Salmonella bongori, 95.0, 89.34, 0.811	97.56	11	N/A	N/A
GCA_019668065.1_PDT001110507.1_genomic	d__Bacteria;p__Pseudomonadota;c__Gammaproteobacteria;o__Enterobacterales;f__Enterobacteriaceae;g__Salmonella;s__Salmonella enterica	GCF_000006945.2	95.0604	d__Bacteria;p__Pseudomonadota;c__Gammaproteobacteria;o__Enterobacterales;f__Enterobacteriaceae;g__Salmonella;s__Salmonella enterica	98.83	0.95	GCF_000006945.2	95.0604	d__Bacteria;p__Pseudomonadota;c__Gammaproteobacteria;o__Enterobacterales;f__Enterobacteriaceae;g__Salmonella;s__Salmonella enterica	98.83	0.95	d__Bacteria;p__Pseudomonadota;c__Gammaproteobacteria;o__Enterobacterales;f__Enterobacteriaceae;g__Salmonella;s__	taxonomic classification defined by topology and ANI	topological placement and ANI have congruent species assignments	GCF_008692785.1, s__Salmonella diarizonae, 95.0604, 95.07, 0.827; GCA_900478215.1, s__Salmonella houtenae, 95.0, 94.77, 0.824; GCF_008692845.1, s__Salmonella arizonae, 95.0, 93.26, 0.827; GCF_000252995.1, s__Salmonella bongori, 95.0, 90.08, 0.822	96.76	11	N/A	N/A
GCA_020814195.1_PDT001172245.1_genomic	d__Bacteria;p__Pseudomonadota;c__Gammaproteobacteria;o__Enterobacterales;f__Enterobacteriaceae;g__Salmonella;s__Salmonella enterica	GCF_000006945.2	95.0604	d__Bacteria;p__Pseudomonadota;c__Gammaproteobacteria;o__Enterobacterales;f__Enterobacteriaceae;g__Salmonella;s__Salmonella enterica	99.35	0.941	GCF_000006945.2	95.0604	d__Bacteria;p__Pseudomonadota;c__Gammaproteobacteria;o__Enterobacterales;f__Enterobacteriaceae;g__Salmonella;s__Salmonella enterica	99.35	0.941	d__Bacteria;p__Pseudomonadota;c__Gammaproteobacteria;o__Enterobacterales;f__Enterobacteriaceae;g__Salmonella;s__	taxonomic classification defined by topology and ANI	topological placement and ANI have congruent species assignments	GCF_008692785.1, s__Salmonella diarizonae, 95.0604, 95.01, 0.797; GCA_900478215.1, s__Salmonella houtenae, 95.0, 94.85, 0.836; GCF_008692845.1, s__Salmonella arizonae, 95.0, 93.25, 0.84; GCF_000252995.1, s__Salmonella bongori, 95.0, 90.05, 0.841	96.76	11	N/A	N/A
GCA_020947485.1_PDT001175851.1_genomic	d__Bacteria;p__Pseudomonadota;c__Gammaproteobacteria;o__Enterobacterales;f__Enterobacteriaceae;g__Salmonella;s__Salmonella arizonae	GCF_008692845.1	95.0	d__Bacteria;p__Pseudomonadota;c__Gammaproteobacteria;o__Enterobacterales;f__Enterobacteriaceae;g__Salmonella;s__Salmonella arizonae	99.26	0.944	GCF_008692845.1	95.0	d__Bacteria;p__Pseudomonadota;c__Gammaproteobacteria;o__Enterobacterales;f__Enterobacteriaceae;g__Salmonella;s__Salmonella arizonae	99.26	0.944	d__Bacteria;p__Pseudomonadota;c__Gammaproteobacteria;o__Enterobacterales;f__Enterobacteriaceae;g__Salmonella;s__	taxonomic classification defined by topology and ANI	topological placement and ANI have congruent species assignments	GCF_008692785.1, s__Salmonella diarizonae, 95.0604, 94.02, 0.881; GCF_000006945.2, s__Salmonella enterica, 95.0604, 93.46, 0.857; GCA_900478215.1, s__Salmonella houtenae, 95.0, 93.4, 0.867; GCF_000252995.1, s__Salmonella bongori, 95.0, 89.58, 0.813	96.74	11	N/A	N/A
GCA_021468745.1_PDT001222260.1_genomic	d__Bacteria;p__Pseudomonadota;c__Gammaproteobacteria;o__Enterobacterales;f__Enterobacteriaceae;g__Salmonella;s__Salmonella enterica	GCF_000006945.2	95.0604	d__Bacteria;p__Pseudomonadota;c__Gammaproteobacteria;o__Enterobacterales;f__Enterobacteriaceae;g__Salmonella;s__Salmonella enterica	98.72	0.892	GCF_000006945.2	95.0604	d__Bacteria;p__Pseudomonadota;c__Gammaproteobacteria;o__Enterobacterales;f__Enterobacteriaceae;g__Salmonella;s__Salmonella enterica	98.72	0.892	d__Bacteria;p__Pseudomonadota;c__Gammaproteobacteria;o__Enterobacterales;f__Enterobacteriaceae;g__Salmonella;s__	taxonomic classification defined by topology and ANI	topological placement and ANI have congruent species assignments	GCF_008692785.1, s__Salmonella diarizonae, 95.0604, 95.06, 0.8; GCA_900478215.1, s__Salmonella houtenae, 95.0, 94.73, 0.829; GCF_008692845.1, s__Salmonella arizonae, 95.0, 93.26, 0.838; GCF_000252995.1, s__Salmonella bongori, 95.0, 90.12, 0.829	96.76	11	N/A	N/A
GCA_022224845.1_PDT001249147.1_genomic	d__Bacteria;p__Pseudomonadota;c__Gammaproteobacteria;o__Enterobacterales;f__Enterobacteriaceae;g__Salmonella;s__Salmonella enterica	GCF_000006945.2	95.0604	d__Bacteria;p__Pseudomonadota;c__Gammaproteobacteria;o__Enterobacterales;f__Enterobacteriaceae;g__Salmonella;s__Salmonella enterica	98.51	0.895	GCF_000006945.2	95.0604	d__Bacteria;p__Pseudomonadota;c__Gammaproteobacteria;o__Enterobacterales;f__Enterobacteriaceae;g__Salmonella;s__Salmonella enterica	98.51	0.895	d__Bacteria;p__Pseudomonadota;c__Gammaproteobacteria;o__Enterobacterales;f__Enterobacteriaceae;g__Salmonella;s__	taxonomic classification defined by topology and ANI	topological placement and ANI have congruent species assignments	GCF_008692785.1, s__Salmonella diarizonae, 95.0604, 95.0, 0.786; GCA_900478215.1, s__Salmonella houtenae, 95.0, 94.83, 0.83; GCF_008692845.1, s__Salmonella arizonae, 95.0, 93.35, 0.835; GCF_000252995.1, s__Salmonella bongori, 95.0, 90.04, 0.846	96.76	11	N/A	N/A
GCA_022369715.1_PDT001252809.1_genomic	d__Bacteria;p__Pseudomonadota;c__Gammaproteobacteria;o__Enterobacterales;f__Enterobacteriaceae;g__Salmonella;s__Salmonella arizonae	GCF_008692845.1	95.0	d__Bacteria;p__Pseudomonadota;c__Gammaproteobacteria;o__Enterobacterales;f__Enterobacteriaceae;g__Salmonella;s__Salmonella arizonae	99.25	0.948	GCF_008692845.1	95.0	d__Bacteria;p__Pseudomonadota;c__Gammaproteobacteria;o__Enterobacterales;f__Enterobacteriaceae;g__Salmonella;s__Salmonella arizonae	99.25	0.948	d__Bacteria;p__Pseudomonadota;c__Gammaproteobacteria;o__Enterobacterales;f__Enterobacteriaceae;g__Salmonella;s__	taxonomic classification defined by topology and ANI	topological placement and ANI have congruent species assignments	GCF_008692785.1, s__Salmonella diarizonae, 95.0604, 93.91, 0.858; GCF_000006945.2, s__Salmonella enterica, 95.0604, 93.38, 0.833; GCA_900478215.1, s__Salmonella houtenae, 95.0, 93.27, 0.844; GCF_000252995.1, s__Salmonella bongori, 95.0, 89.41, 0.807	97.62	11	N/A	N/A
GCA_023052335.1_PDT001290372.1_genomic	d__Bacteria;p__Pseudomonadota;c__Gammaproteobacteria;o__Enterobacterales;f__Enterobacteriaceae;g__Salmonella;s__Salmonella arizonae	GCF_008692845.1	95.0	d__Bacteria;p__Pseudomonadota;c__Gammaproteobacteria;o__Enterobacterales;f__Enterobacteriaceae;g__Salmonella;s__Salmonella arizonae	99.33	0.96	GCF_008692845.1	95.0	d__Bacteria;p__Pseudomonadota;c__Gammaproteobacteria;o__Enterobacterales;f__Enterobacteriaceae;g__Salmonella;s__Salmonella arizonae	99.33	0.96	d__Bacteria;p__Pseudomonadota;c__Gammaproteobacteria;o__Enterobacterales;f__Enterobacteriaceae;g__Salmonella;s__	taxonomic classification defined by topology and ANI	topological placement and ANI have congruent species assignments	GCF_008692785.1, s__Salmonella diarizonae, 95.0604, 93.89, 0.889; GCF_000006945.2, s__Salmonella enterica, 95.0604, 93.41, 0.853; GCA_900478215.1, s__Salmonella houtenae, 95.0, 93.35, 0.867; GCF_000252995.1, s__Salmonella bongori, 95.0, 89.5, 0.813	97.56	11	N/A	N/A
GCA_023057475.1_PDT001290553.1_genomic	d__Bacteria;p__Pseudomonadota;c__Gammaproteobacteria;o__Enterobacterales;f__Enterobacteriaceae;g__Salmonella;s__Salmonella arizonae	GCF_008692845.1	95.0	d__Bacteria;p__Pseudomonadota;c__Gammaproteobacteria;o__Enterobacterales;f__Enterobacteriaceae;g__Salmonella;s__Salmonella arizonae	99.29	0.954	GCF_008692845.1	95.0	d__Bacteria;p__Pseudomonadota;c__Gammaproteobacteria;o__Enterobacterales;f__Enterobacteriaceae;g__Salmonella;s__Salmonella arizonae	99.29	0.954	d__Bacteria;p__Pseudomonadota;c__Gammaproteobacteria;o__Enterobacterales;f__Enterobacteriaceae;g__Salmonella;s__	taxonomic classification defined by topology and ANI	topological placement and ANI have congruent species assignments	GCF_008692785.1, s__Salmonella diarizonae, 95.0604, 93.99, 0.892; GCA_900478215.1, s__Salmonella houtenae, 95.0, 93.47, 0.871; GCF_000006945.2, s__Salmonella enterica, 95.0604, 93.44, 0.868; GCF_000252995.1, s__Salmonella bongori, 95.0, 89.56, 0.822	97.56	11	N/A	N/A
GCA_023071875.1_PDT001291326.1_genomic	d__Bacteria;p__Pseudomonadota;c__Gammaproteobacteria;o__Enterobacterales;f__Enterobacteriaceae;g__Salmonella;s__Salmonella enterica	GCF_000006945.2	95.0604	d__Bacteria;p__Pseudomonadota;c__Gammaproteobacteria;o__Enterobacterales;f__Enterobacteriaceae;g__Salmonella;s__Salmonella enterica	98.78	0.914	GCF_000006945.2	95.0604	d__Bacteria;p__Pseudomonadota;c__Gammaproteobacteria;o__Enterobacterales;f__Enterobacteriaceae;g__Salmonella;s__Salmonella enterica	98.78	0.914	d__Bacteria;p__Pseudomonadota;c__Gammaproteobacteria;o__Enterobacterales;f__Enterobacteriaceae;g__Salmonella;s__	taxonomic classification defined by topology and ANI	topological placement and ANI have congruent species assignments	GCF_008692785.1, s__Salmonella diarizonae, 95.0604, 95.09, 0.795; GCA_900478215.1, s__Salmonella houtenae, 95.0, 94.82, 0.815; GCF_008692845.1, s__Salmonella arizonae, 95.0, 93.35, 0.821; GCF_000252995.1, s__Salmonella bongori, 95.0, 90.08, 0.809	97.6	11	N/A	N/A
GCA_023181095.1_PDT001295528.1_genomic	d__Bacteria;p__Pseudomonadota;c__Gammaproteobacteria;o__Enterobacterales;f__Enterobacteriaceae;g__Salmonella;s__Salmonella enterica	GCF_000006945.2	95.0604	d__Bacteria;p__Pseudomonadota;c__Gammaproteobacteria;o__Enterobacterales;f__Enterobacteriaceae;g__Salmonella;s__Salmonella enterica	98.23	0.897	GCF_000006945.2	95.0604	d__Bacteria;p__Pseudomonadota;c__Gammaproteobacteria;o__Enterobacterales;f__Enterobacteriaceae;g__Salmonella;s__Salmonella enterica	98.23	0.897	d__Bacteria;p__Pseudomonadota;c__Gammaproteobacteria;o__Enterobacterales;f__Enterobacteriaceae;g__Salmonella;s__	taxonomic classification defined by topology and ANI	topological placement and ANI have congruent species assignments	GCF_008692785.1, s__Salmonella diarizonae, 95.0604, 94.97, 0.802; GCA_900478215.1, s__Salmonella houtenae, 95.0, 94.71, 0.812; GCF_008692845.1, s__Salmonella arizonae, 95.0, 93.18, 0.812; GCF_000252995.1, s__Salmonella bongori, 95.0, 89.94, 0.812	98.43	11	N/A	N/A
GCA_023182235.1_PDT001295471.1_genomic	d__Bacteria;p__Pseudomonadota;c__Gammaproteobacteria;o__Enterobacterales;f__Enterobacteriaceae;g__Salmonella;s__Salmonella enterica	GCF_000006945.2	95.0604	d__Bacteria;p__Pseudomonadota;c__Gammaproteobacteria;o__Enterobacterales;f__Enterobacteriaceae;g__Salmonella;s__Salmonella enterica	98.2	0.911	GCF_000006945.2	95.0604	d__Bacteria;p__Pseudomonadota;c__Gammaproteobacteria;o__Enterobacterales;f__Enterobacteriaceae;g__Salmonella;s__Salmonella enterica	98.2	0.911	d__Bacteria;p__Pseudomonadota;c__Gammaproteobacteria;o__Enterobacterales;f__Enterobacteriaceae;g__Salmonella;s__	taxonomic classification defined by topology and ANI	topological placement and ANI have congruent species assignments	GCF_008692785.1, s__Salmonella diarizonae, 95.0604, 94.96, 0.813; GCA_900478215.1, s__Salmonella houtenae, 95.0, 94.71, 0.822; GCF_008692845.1, s__Salmonella arizonae, 95.0, 93.19, 0.812; GCF_000252995.1, s__Salmonella bongori, 95.0, 89.96, 0.809	98.43	11	N/A	N/A
GCA_023803015.1_PDT001328056.1_genomic	d__Bacteria;p__Pseudomonadota;c__Gammaproteobacteria;o__Enterobacterales;f__Enterobacteriaceae;g__Salmonella;s__Salmonella arizonae	GCF_008692845.1	95.0	d__Bacteria;p__Pseudomonadota;c__Gammaproteobacteria;o__Enterobacterales;f__Enterobacteriaceae;g__Salmonella;s__Salmonella arizonae	99.24	0.949	GCF_008692845.1	95.0	d__Bacteria;p__Pseudomonadota;c__Gammaproteobacteria;o__Enterobacterales;f__Enterobacteriaceae;g__Salmonella;s__Salmonella arizonae	99.24	0.949	d__Bacteria;p__Pseudomonadota;c__Gammaproteobacteria;o__Enterobacterales;f__Enterobacteriaceae;g__Salmonella;s__	taxonomic classification defined by topology and ANI	topological placement and ANI have congruent species assignments	GCF_008692785.1, s__Salmonella diarizonae, 95.0604, 93.81, 0.872; GCA_900478215.1, s__Salmonella houtenae, 95.0, 93.3, 0.853; GCF_000006945.2, s__Salmonella enterica, 95.0604, 93.26, 0.835; GCF_000252995.1, s__Salmonella bongori, 95.0, 89.41, 0.802	96.76	11	N/A	N/A
GCA_024414295.1_PDT001368000.1_genomic	d__Bacteria;p__Pseudomonadota;c__Gammaproteobacteria;o__Enterobacterales;f__Enterobacteriaceae;g__Salmonella;s__Salmonella arizonae	GCF_008692845.1	95.0	d__Bacteria;p__Pseudomonadota;c__Gammaproteobacteria;o__Enterobacterales;f__Enterobacteriaceae;g__Salmonella;s__Salmonella arizonae	99.25	0.949	GCF_008692845.1	95.0	d__Bacteria;p__Pseudomonadota;c__Gammaproteobacteria;o__Enterobacterales;f__Enterobacteriaceae;g__Salmonella;s__Salmonella arizonae	99.25	0.949	d__Bacteria;p__Pseudomonadota;c__Gammaproteobacteria;o__Enterobacterales;f__Enterobacteriaceae;g__Salmonella;s__	taxonomic classification defined by topology and ANI	topological placement and ANI have congruent species assignments	GCF_008692785.1, s__Salmonella diarizonae, 95.0604, 93.9, 0.842; GCF_000006945.2, s__Salmonella enterica, 95.0604, 93.31, 0.815; GCA_900478215.1, s__Salmonella houtenae, 95.0, 93.3, 0.839; GCF_000252995.1, s__Salmonella bongori, 95.0, 89.39, 0.812	97.56	11	N/A	N/A
GCA_024693605.1_PDT001380069.1_genomic	d__Bacteria;p__Pseudomonadota;c__Gammaproteobacteria;o__Enterobacterales;f__Enterobacteriaceae;g__Salmonella;s__Salmonella arizonae	GCF_008692845.1	95.0	d__Bacteria;p__Pseudomonadota;c__Gammaproteobacteria;o__Enterobacterales;f__Enterobacteriaceae;g__Salmonella;s__Salmonella arizonae	99.59	0.968	GCF_008692845.1	95.0	d__Bacteria;p__Pseudomonadota;c__Gammaproteobacteria;o__Enterobacterales;f__Enterobacteriaceae;g__Salmonella;s__Salmonella arizonae	99.59	0.968	d__Bacteria;p__Pseudomonadota;c__Gammaproteobacteria;o__Enterobacterales;f__Enterobacteriaceae;g__Salmonella;s__	taxonomic classification defined by topology and ANI	topological placement and ANI have congruent species assignments	GCF_008692785.1, s__Salmonella diarizonae, 95.0604, 93.83, 0.843; GCA_900478215.1, s__Salmonella houtenae, 95.0, 93.27, 0.829; GCF_000006945.2, s__Salmonella enterica, 95.0604, 93.26, 0.807; GCF_000252995.1, s__Salmonella bongori, 95.0, 89.43, 0.812	97.56	11	N/A	N/A
GCA_024816415.1_PDT000451617.1_genomic	d__Bacteria;p__Pseudomonadota;c__Gammaproteobacteria;o__Enterobacterales;f__Enterobacteriaceae;g__Salmonella;s__Salmonella enterica	GCF_000006945.2	95.0604	d__Bacteria;p__Pseudomonadota;c__Gammaproteobacteria;o__Enterobacterales;f__Enterobacteriaceae;g__Salmonella;s__Salmonella enterica	98.82	0.931	GCF_000006945.2	95.0604	d__Bacteria;p__Pseudomonadota;c__Gammaproteobacteria;o__Enterobacterales;f__Enterobacteriaceae;g__Salmonella;s__Salmonella enterica	98.82	0.931	d__Bacteria;p__Pseudomonadota;c__Gammaproteobacteria;o__Enterobacterales;f__Enterobacteriaceae;g__Salmonella;s__	taxonomic classification defined by topology and ANI	topological placement and ANI have congruent species assignments	GCF_008692785.1, s__Salmonella diarizonae, 95.0604, 95.09, 0.802; GCA_900478215.1, s__Salmonella houtenae, 95.0, 94.72, 0.829; GCF_008692845.1, s__Salmonella arizonae, 95.0, 93.26, 0.839; GCF_000252995.1, s__Salmonella bongori, 95.0, 90.14, 0.824	96.76	11	N/A	N/A
GCA_024821435.1_PDT001399733.1_genomic	d__Bacteria;p__Pseudomonadota;c__Gammaproteobacteria;o__Enterobacterales;f__Enterobacteriaceae;g__Salmonella;s__Salmonella enterica	GCF_000006945.2	95.0604	d__Bacteria;p__Pseudomonadota;c__Gammaproteobacteria;o__Enterobacterales;f__Enterobacteriaceae;g__Salmonella;s__Salmonella enterica	98.72	0.925	GCF_000006945.2	95.0604	d__Bacteria;p__Pseudomonadota;c__Gammaproteobacteria;o__Enterobacterales;f__Enterobacteriaceae;g__Salmonella;s__Salmonella enterica	98.72	0.925	d__Bacteria;p__Pseudomonadota;c__Gammaproteobacteria;o__Enterobacterales;f__Enterobacteriaceae;g__Salmonella;s__	taxonomic classification defined by topology and ANI	topological placement and ANI have congruent species assignments	GCF_008692785.1, s__Salmonella diarizonae, 95.0604, 95.1, 0.794; GCA_900478215.1, s__Salmonella houtenae, 95.0, 94.77, 0.837; GCF_008692845.1, s__Salmonella arizonae, 95.0, 93.26, 0.827; GCF_000252995.1, s__Salmonella bongori, 95.0, 90.09, 0.824	96.76	11	N/A	N/A
GCA_026175065.1_PDT001484856.1_genomic	d__Bacteria;p__Pseudomonadota;c__Gammaproteobacteria;o__Enterobacterales;f__Enterobacteriaceae;g__Salmonella;s__Salmonella arizonae	GCF_008692845.1	95.0	d__Bacteria;p__Pseudomonadota;c__Gammaproteobacteria;o__Enterobacterales;f__Enterobacteriaceae;g__Salmonella;s__Salmonella arizonae	99.26	0.945	GCF_008692845.1	95.0	d__Bacteria;p__Pseudomonadota;c__Gammaproteobacteria;o__Enterobacterales;f__Enterobacteriaceae;g__Salmonella;s__Salmonella arizonae	99.26	0.945	d__Bacteria;p__Pseudomonadota;c__Gammaproteobacteria;o__Enterobacterales;f__Enterobacteriaceae;g__Salmonella;s__	taxonomic classification defined by topology and ANI	topological placement and ANI have congruent species assignments	GCF_008692785.1, s__Salmonella diarizonae, 95.0604, 93.91, 0.873; GCF_000006945.2, s__Salmonella enterica, 95.0604, 93.37, 0.847; GCA_900478215.1, s__Salmonella houtenae, 95.0, 93.3, 0.86; GCF_000252995.1, s__Salmonella bongori, 95.0, 89.42, 0.799	96.8	11	N/A	N/A
GCA_026544435.1_PDT001485216.1_genomic	d__Bacteria;p__Pseudomonadota;c__Gammaproteobacteria;o__Enterobacterales;f__Enterobacteriaceae;g__Salmonella;s__Salmonella enterica	GCF_000006945.2	95.0604	d__Bacteria;p__Pseudomonadota;c__Gammaproteobacteria;o__Enterobacterales;f__Enterobacteriaceae;g__Salmonella;s__Salmonella enterica	98.33	0.923	GCF_000006945.2	95.0604	d__Bacteria;p__Pseudomonadota;c__Gammaproteobacteria;o__Enterobacterales;f__Enterobacteriaceae;g__Salmonella;s__Salmonella enterica	98.33	0.923	d__Bacteria;p__Pseudomonadota;c__Gammaproteobacteria;o__Enterobacterales;f__Enterobacteriaceae;g__Salmonella;s__	taxonomic classification defined by topology and ANI	topological placement and ANI have congruent species assignments	GCF_008692785.1, s__Salmonella diarizonae, 95.0604, 95.07, 0.826; GCA_900478215.1, s__Salmonella houtenae, 95.0, 94.84, 0.825; GCF_008692845.1, s__Salmonella arizonae, 95.0, 93.25, 0.822; GCF_000252995.1, s__Salmonella bongori, 95.0, 90.05, 0.816	96.76	11	N/A	N/A
GCA_917174775.1_FD01874841_genomic	d__Bacteria;p__Pseudomonadota;c__Gammaproteobacteria;o__Enterobacterales;f__Enterobacteriaceae;g__Salmonella;s__Salmonella enterica	GCF_000006945.2	95.0604	d__Bacteria;p__Pseudomonadota;c__Gammaproteobacteria;o__Enterobacterales;f__Enterobacteriaceae;g__Salmonella;s__Salmonella enterica	99.95	0.992	GCF_000006945.2	95.0604	d__Bacteria;p__Pseudomonadota;c__Gammaproteobacteria;o__Enterobacterales;f__Enterobacteriaceae;g__Salmonella;s__Salmonella enterica	99.95	0.992	d__Bacteria;p__Pseudomonadota;c__Gammaproteobacteria;o__Enterobacterales;f__Enterobacteriaceae;g__Salmonella;s__	taxonomic classification defined by topology and ANI	topological placement and ANI have congruent species assignments	GCF_008692785.1, s__Salmonella diarizonae, 95.0604, 95.0, 0.792; GCA_900478215.1, s__Salmonella houtenae, 95.0, 94.52, 0.805; GCF_008692845.1, s__Salmonella arizonae, 95.0, 92.86, 0.784; GCF_000252995.1, s__Salmonella bongori, 95.0, 90.1, 0.809	10.71	11	N/A	N/A
GCA_917180635.1_FD01873084_genomic	d__Bacteria;p__Pseudomonadota;c__Gammaproteobacteria;o__Enterobacterales;f__Enterobacteriaceae;g__Salmonella;s__Salmonella enterica	GCF_000006945.2	95.0604	d__Bacteria;p__Pseudomonadota;c__Gammaproteobacteria;o__Enterobacterales;f__Enterobacteriaceae;g__Salmonella;s__Salmonella enterica	98.84	0.958	GCF_000006945.2	95.0604	d__Bacteria;p__Pseudomonadota;c__Gammaproteobacteria;o__Enterobacterales;f__Enterobacteriaceae;g__Salmonella;s__Salmonella enterica	98.84	0.958	d__Bacteria;p__Pseudomonadota;c__Gammaproteobacteria;o__Enterobacterales;f__Enterobacteriaceae;g__Salmonella;s__	taxonomic classification defined by topology and ANI	topological placement and ANI have congruent species assignments	GCF_008692785.1, s__Salmonella diarizonae, 95.0604, 94.85, 0.838; GCA_900478215.1, s__Salmonella houtenae, 95.0, 94.31, 0.85; GCF_008692845.1, s__Salmonella arizonae, 95.0, 93.08, 0.812; GCF_000252995.1, s__Salmonella bongori, 95.0, 89.98, 0.812	57.16	11	N/A	N/A
GCA_917188185.1_FD01876166_genomic	d__Bacteria;p__Pseudomonadota;c__Gammaproteobacteria;o__Enterobacterales;f__Enterobacteriaceae;g__Salmonella;s__Salmonella enterica	GCF_000006945.2	95.0604	d__Bacteria;p__Pseudomonadota;c__Gammaproteobacteria;o__Enterobacterales;f__Enterobacteriaceae;g__Salmonella;s__Salmonella enterica	98.68	0.898	GCF_000006945.2	95.0604	d__Bacteria;p__Pseudomonadota;c__Gammaproteobacteria;o__Enterobacterales;f__Enterobacteriaceae;g__Salmonella;s__Salmonella enterica	98.68	0.898	d__Bacteria;p__Pseudomonadota;c__Gammaproteobacteria;o__Enterobacterales;f__Enterobacteriaceae;g__Salmonella;s__	taxonomic classification defined by topology and ANI	topological placement and ANI have congruent species assignments	GCF_008692785.1, s__Salmonella diarizonae, 95.0604, 95.33, 0.759; GCA_900478215.1, s__Salmonella houtenae, 95.0, 94.94, 0.774; GCF_008692845.1, s__Salmonella arizonae, 95.0, 93.33, 0.747; GCF_000252995.1, s__Salmonella bongori, 95.0, 90.22, 0.749	94.74	11	N/A	N/A
GCF_003072665.1_ASM307266v1_genomic	d__Bacteria;p__Pseudomonadota;c__Gammaproteobacteria;o__Enterobacterales;f__Enterobacteriaceae;g__Salmonella;s__Salmonella enterica	GCF_000006945.2	95.0604	d__Bacteria;p__Pseudomonadota;c__Gammaproteobacteria;o__Enterobacterales;f__Enterobacteriaceae;g__Salmonella;s__Salmonella enterica	98.34	0.935	GCF_000006945.2	95.0604	d__Bacteria;p__Pseudomonadota;c__Gammaproteobacteria;o__Enterobacterales;f__Enterobacteriaceae;g__Salmonella;s__Salmonella enterica	98.34	0.935	d__Bacteria;p__Pseudomonadota;c__Gammaproteobacteria;o__Enterobacterales;f__Enterobacteriaceae;g__Salmonella;s__	taxonomic classification defined by topology and ANI	topological placement and ANI have congruent species assignments	GCF_008692785.1, s__Salmonella diarizonae, 95.0604, 95.13, 0.849; GCA_900478215.1, s__Salmonella houtenae, 95.0, 94.79, 0.842; GCF_008692845.1, s__Salmonella arizonae, 95.0, 93.3, 0.839; GCF_000252995.1, s__Salmonella bongori, 95.0, 90.12, 0.835	96.76	11	N/A	N/A
GCF_019334505.1_ASM1933450v1_genomic	d__Bacteria;p__Pseudomonadota;c__Gammaproteobacteria;o__Enterobacterales;f__Enterobacteriaceae;g__Salmonella;s__Salmonella arizonae	GCF_008692845.1	95.0	d__Bacteria;p__Pseudomonadota;c__Gammaproteobacteria;o__Enterobacterales;f__Enterobacteriaceae;g__Salmonella;s__Salmonella arizonae	99.15	0.956	GCF_008692845.1	95.0	d__Bacteria;p__Pseudomonadota;c__Gammaproteobacteria;o__Enterobacterales;f__Enterobacteriaceae;g__Salmonella;s__Salmonella arizonae	99.15	0.956	d__Bacteria;p__Pseudomonadota;c__Gammaproteobacteria;o__Enterobacterales;f__Enterobacteriaceae;g__Salmonella;s__	taxonomic classification defined by topology and ANI	topological placement and ANI have congruent species assignments	GCF_008692785.1, s__Salmonella diarizonae, 95.0604, 93.85, 0.891; GCF_000006945.2, s__Salmonella enterica, 95.0604, 93.31, 0.855; GCA_900478215.1, s__Salmonella houtenae, 95.0, 93.3, 0.879; GCF_000252995.1, s__Salmonella bongori, 95.0, 89.42, 0.826	97.32	11	N/A	N/A
GCF_019857155.1_ASM1985715v1_genomic	d__Bacteria;p__Pseudomonadota;c__Gammaproteobacteria;o__Enterobacterales;f__Enterobacteriaceae;g__Salmonella;s__Salmonella enterica	GCF_000006945.2	95.0604	d__Bacteria;p__Pseudomonadota;c__Gammaproteobacteria;o__Enterobacterales;f__Enterobacteriaceae;g__Salmonella;s__Salmonella enterica	98.55	0.922	GCF_000006945.2	95.0604	d__Bacteria;p__Pseudomonadota;c__Gammaproteobacteria;o__Enterobacterales;f__Enterobacteriaceae;g__Salmonella;s__Salmonella enterica	98.55	0.922	d__Bacteria;p__Pseudomonadota;c__Gammaproteobacteria;o__Enterobacterales;f__Enterobacteriaceae;g__Salmonella;s__	taxonomic classification defined by topology and ANI	topological placement and ANI have congruent species assignments	GCF_008692785.1, s__Salmonella diarizonae, 95.0604, 95.02, 0.805; GCA_900478215.1, s__Salmonella houtenae, 95.0, 94.78, 0.829; GCF_008692845.1, s__Salmonella arizonae, 95.0, 93.3, 0.842; GCF_000252995.1, s__Salmonella bongori, 95.0, 90.07, 0.827	97.6	11	N/A	N/A
