taxid,input_term,domain,kingdom,phylum,class,order,family,genus,species
65128,Paramecium_sexaurelia,d__Eukaryota,k__Ciliophora__P+,p__Ciliophora,c__Oligohymenophorea,o__Peniculida,f__Parameciidae,g__Paramecium,s__Paramecium_sexaurelia
2056407,Halamphora_sp_MG8b,d__Eukaryota,k__Bacillariophyta__P+,p__Bacillariophyta,c__Bacillariophyceae,o__Naviculales,f__Amphipleuraceae,g__Halamphora,s__Halamphora_sp_MG8b
5858,Plasmodium_malariae,d__Eukaryota,k__Apicomplexa__P+,p__Apicomplexa,c__Aconoidasida,o__Haemosporida,f__Plasmodiidae,g__Plasmodium,s__Plasmodium_malariae
4803,Lagenidium_giganteum,d__Eukaryota,k__Oomycota__P+,p__Oomycota,c__Lagenidiales__O+,o__Lagenidiales,f__Lagenidiaceae,g__Lagenidium,s__Lagenidium_giganteum
68886,Theileria_orientalis,d__Eukaryota,k__Apicomplexa__P+,p__Apicomplexa,c__Aconoidasida,o__Piroplasmida,f__Theileriidae,g__Theileria,s__Theileria_orientalis
112097,Pythium_aquatile,d__Eukaryota,k__Oomycota__P+,p__Oomycota,c__Pythiales__O+,o__Pythiales,f__Pythiaceae,g__Pythium,s__Pythium_aquatile
49266,Fucus_vesiculosus,d__Eukaryota,k__Phaeophyceae__C+,p__Phaeophyceae__C+,c__Phaeophyceae,o__Fucales,f__Fucaceae,g__Fucus,s__Fucus_vesiculosus
82951,Pythium_vanterpoolii,d__Eukaryota,k__Oomycota__P+,p__Oomycota,c__Pythiales__O+,o__Pythiales,f__Pythiaceae,g__Pythium,s__Pythium_vanterpoolii
5936,Moneuplotes_crassus,d__Eukaryota,k__Ciliophora__P+,p__Ciliophora,c__Spirotrichea,o__Euplotida,f__Euplotidae,g__Moneuplotes,s__Moneuplotes_crassus
289622,Globisporangium_parvum,d__Eukaryota,k__Oomycota__P+,p__Oomycota,c__Pythiales__O+,o__Pythiales,f__Pythiaceae,g__Globisporangium,s__Globisporangium_parvum
2562237,Cladocopium_goreaui,d__Eukaryota,k__Dinophyceae__C+,p__Dinophyceae__C+,c__Dinophyceae,o__Suessiales,f__Symbiodiniaceae,g__Cladocopium,s__Cladocopium_goreaui
1410327,Acytostelium_subglobosum_LB1,d__Eukaryota,k__Evosea__P+,p__Evosea,c__Eumycetozoa,o__Acytosteliales,f__Acytosteliaceae,g__Acytostelium,s__Acytostelium_subglobosum
294381,Entamoeba_histolytica_HM_1_IMSS,d__Eukaryota,k__Evosea__P+,p__Evosea,c__Mastigamoebida__O+,o__Mastigamoebida,f__Entamoebidae,g__Entamoeba,s__Entamoeba_histolytica
5755,Acanthamoeba_castellanii,d__Eukaryota,k__Discosea__P+,p__Discosea,c__Longamoebia__O+,o__Longamoebia,f__Acanthamoebidae,g__Acanthamoeba,s__Acanthamoeba_castellanii
1148489,Theileria_parva_parva,d__Eukaryota,k__Apicomplexa__P+,p__Apicomplexa,c__Aconoidasida,o__Piroplasmida,f__Theileriidae,g__Theileria,s__Theileria_parva
611791,Phytophthora_palmivora_var_palmivora,d__Eukaryota,k__Oomycota__P+,p__Oomycota,c__Peronosporales__O+,o__Peronosporales,f__Peronosporaceae,g__Phytophthora,s__Phytophthora_palmivora
763924,Phytophthora_capsici_LT1534,d__Eukaryota,k__Oomycota__P+,p__Oomycota,c__Peronosporales__O+,o__Peronosporales,f__Peronosporaceae,g__Phytophthora,s__Phytophthora_capsici
4786,Phytophthora_cryptogea,d__Eukaryota,k__Oomycota__P+,p__Oomycota,c__Peronosporales__O+,o__Peronosporales,f__Peronosporaceae,g__Phytophthora,s__Phytophthora_cryptogea
265525,Chaetoceros_muellerii,d__Eukaryota,k__Bacillariophyta__P+,p__Bacillariophyta,c__Coscinodiscophyceae,o__Chaetocerotales,f__Chaetocerotaceae,g__Chaetoceros,s__Chaetoceros_muellerii
483139,Cystoisospora_suis,d__Eukaryota,k__Apicomplexa__P+,p__Apicomplexa,c__Conoidasida,o__Eucoccidiorida,f__Sarcocystidae,g__Cystoisospora,s__Cystoisospora_suis
1245018,Plasmodium_falciparum_365_1,d__Eukaryota,k__Apicomplexa__P+,p__Apicomplexa,c__Aconoidasida,o__Haemosporida,f__Plasmodiidae,g__Plasmodium,s__Plasmodium_falciparum
325452,Phytophthora_kernoviae,d__Eukaryota,k__Oomycota__P+,p__Oomycota,c__Peronosporales__O+,o__Peronosporales,f__Peronosporaceae,g__Phytophthora,s__Phytophthora_kernoviae
1169474,Chromera_velia_CCMP2878,d__Eukaryota,k__Chromeraceae__F+,p__Chromeraceae__F+,c__Chromeraceae__F+,o__Chromeraceae__F+,f__Chromeraceae,g__Chromera,s__Chromera_velia
297518,Licmophora_abbreviata,d__Eukaryota,k__Bacillariophyta__P+,p__Bacillariophyta,c__Fragilariophyceae,o__Licmophorales,f__Licmophoraceae,g__Licmophora,s__Licmophora_abbreviata
943122,Toxoplasma_gondii_CAST,d__Eukaryota,k__Apicomplexa__P+,p__Apicomplexa,c__Conoidasida,o__Eucoccidiorida,f__Sarcocystidae,g__Toxoplasma,s__Toxoplasma_gondii
51315,Eimeria_necatrix,d__Eukaryota,k__Apicomplexa__P+,p__Apicomplexa,c__Conoidasida,o__Eucoccidiorida,f__Eimeriidae,g__Eimeria,s__Eimeria_necatrix
361069,Dictyostelium_brefeldianum,d__Eukaryota,k__Evosea__P+,p__Evosea,c__Eumycetozoa,o__Dictyosteliales,f__Dictyosteliaceae,g__Dictyostelium,s__Dictyostelium_brefeldianum
882403,Dictyostelium_gargantuum,d__Eukaryota,k__Evosea__P+,p__Evosea,c__Eumycetozoa,o__Dictyosteliales,f__Dictyosteliaceae,g__Dictyostelium,s__Dictyostelium_gargantuum
657220,Pythium_emineosum,d__Eukaryota,k__Oomycota__P+,p__Oomycota,c__Pythiales__O+,o__Pythiales,f__Pythiaceae,g__Pythium,s__Pythium_emineosum
1486917,Craspedostauros_australis,d__Eukaryota,k__Bacillariophyta__P+,p__Bacillariophyta,c__Bacillariophyceae,o__Naviculales,f__Naviculaceae,g__Craspedostauros,s__Craspedostauros_australis
289613,Pythium_folliculosum,d__Eukaryota,k__Oomycota__P+,p__Oomycota,c__Pythiales__O+,o__Pythiales,f__Pythiaceae,g__Pythium,s__Pythium_folliculosum
1196443,Plasmopara_muralis,d__Eukaryota,k__Oomycota__P+,p__Oomycota,c__Peronosporales__O+,o__Peronosporales,f__Peronosporaceae,g__Plasmopara,s__Plasmopara_muralis
1317063,Phytophthora_parasitica_CJ01A1,d__Eukaryota,k__Oomycota__P+,p__Oomycota,c__Peronosporales__O+,o__Peronosporales,f__Peronosporaceae,g__Phytophthora,s__Phytophthora_parasitica
5762,Naegleria_gruberi,d__Eukaryota,k__Heterolobosea__P+,p__Heterolobosea,c__Vahlkampfiidae__F+,o__Vahlkampfiidae__F+,f__Vahlkampfiidae,g__Naegleria,s__Naegleria_gruberi
96789,Chromulina_nebulosa,d__Eukaryota,k__Chrysophyceae__C+,p__Chrysophyceae__C+,c__Chrysophyceae,o__Chromulinales,f__Chromulinaceae,g__Chromulina,s__Chromulina_nebulosa
5888,Paramecium_tetraurelia,d__Eukaryota,k__Ciliophora__P+,p__Ciliophora,c__Oligohymenophorea,o__Peniculida,f__Parameciidae,g__Paramecium,s__Paramecium_tetraurelia
166956,Neovahlkampfia_damariscottae,d__Eukaryota,k__Heterolobosea__P+,p__Heterolobosea,c__Neovahlkampfiidae__F+,o__Neovahlkampfiidae__F+,f__Neovahlkampfiidae,g__Neovahlkampfia,s__Neovahlkampfia_damariscottae
1792277,Pythium_yorkensis,d__Eukaryota,k__Oomycota__P+,p__Oomycota,c__Pythiales__O+,o__Pythiales,f__Pythiaceae,g__Pythium,s__Pythium_yorkensis
1144522,Tritrichomonas_foetus,d__Eukaryota,k__Parabasalia__P+,p__Parabasalia,c__Tritrichomonadida__O+,o__Tritrichomonadida,f__Tritrichomonadidae,g__Tritrichomonas,s__Tritrichomonas_foetus
1615773,Laurentiella_sp_PUJRC_G5,d__Eukaryota,k__Ciliophora__P+,p__Ciliophora,c__Spirotrichea,o__Sporadotrichida,f__Oxytrichidae,g__Laurentiella,s__Laurentiella_sp_PUJRC_G5
143451,Plasmopara_viticola,d__Eukaryota,k__Oomycota__P+,p__Oomycota,c__Peronosporales__O+,o__Peronosporales,f__Peronosporaceae,g__Plasmopara,s__Plasmopara_viticola
42384,Hyphochytrium_catenoides,d__Eukaryota,k__Hyphochytriomycetes__C+,p__Hyphochytriomycetes__C+,c__Hyphochytriomycetes,o__Hyphochytriaceae__F+,f__Hyphochytriaceae,g__Hyphochytrium,s__Hyphochytrium_catenoides
2736650,Thraustochytrium_sp_TN22,d__Eukaryota,k__Bigyra__C+,p__Bigyra__C+,c__Bigyra,o__Thraustochytrida,f__Thraustochytriaceae,g__Thraustochytrium,s__Thraustochytrium_sp_TN22
306026,Dictyostelium_rosarium,d__Eukaryota,k__Evosea__P+,p__Evosea,c__Eumycetozoa,o__Dictyosteliales,f__Dictyosteliaceae,g__Dictyostelium,s__Dictyostelium_rosarium
361076,Dictyostelium_intermedium,d__Eukaryota,k__Evosea__P+,p__Evosea,c__Eumycetozoa,o__Dictyosteliales,f__Dictyosteliaceae,g__Dictyostelium,s__Dictyostelium_intermedium
461836,Thecamonas_trahens_ATCC_50062,d__Eukaryota,k__Apusomonadidae__F+,p__Apusomonadidae__F+,c__Apusomonadidae__F+,o__Apusomonadidae__F+,f__Apusomonadidae,g__Thecamonas,s__Thecamonas_trahens
519425,Poterioochromonas_sp_DS,d__Eukaryota,k__Synurophyceae__C+,p__Synurophyceae__C+,c__Synurophyceae,o__Ochromonadales,f__Ochromonadaceae,g__Poterioochromonas,s__Poterioochromonas_sp_DS
1690101,Phytophthora_taxon_totara,d__Eukaryota,k__Oomycota__P+,p__Oomycota,c__Peronosporales__O+,o__Peronosporales,f__Peronosporaceae,g__Phytophthora,s__Phytophthora_taxon_totara
312017,Tetrahymena_thermophila_SB210,d__Eukaryota,k__Ciliophora__P+,p__Ciliophora,c__Oligohymenophorea,o__Hymenostomatida,f__Tetrahymenidae,g__Tetrahymena,s__Tetrahymena_thermophila
444509,uncultured_Blastocystis_sp,d__Eukaryota,k__Bigyra__C+,p__Bigyra__C+,c__Bigyra,o__Opalinata,f__Blastocystidae,g__Blastocystis,s__uncultured_Blastocystis_sp
65357,Albugo_candida,d__Eukaryota,k__Oomycota__P+,p__Oomycota,c__Albuginales__O+,o__Albuginales,f__Albuginaceae,g__Albugo,s__Albugo_candida
56777,Trichomonas_gallinae,d__Eukaryota,k__Parabasalia__P+,p__Parabasalia,c__Trichomonadida__O+,o__Trichomonadida,f__Trichomonadidae,g__Trichomonas,s__Trichomonas_gallinae
358019,Enoploplastron_triloricatum,d__Eukaryota,k__Ciliophora__P+,p__Ciliophora,c__Litostomatea,o__Entodiniomorphida,f__Ophryoscolecidae,g__Enoploplastron,s__Enoploplastron_triloricatum
43075,Trichomonas_tenax,d__Eukaryota,k__Parabasalia__P+,p__Parabasalia,c__Trichomonadida__O+,o__Trichomonadida,f__Trichomonadidae,g__Trichomonas,s__Trichomonas_tenax
1003336,Strigomonas_galati,d__Eukaryota,k__Euglenozoa__P+,p__Euglenozoa,c__Kinetoplastea,o__Trypanosomatida,f__Trypanosomatidae,g__Strigomonas,s__Strigomonas_galati
1323249,Plasmodium_yoelii_17X,d__Eukaryota,k__Apicomplexa__P+,p__Apicomplexa,c__Aconoidasida,o__Haemosporida,f__Plasmodiidae,g__Plasmodium,s__Plasmodium_yoelii
361096,Speleostelium_caveatum,d__Eukaryota,k__Evosea__P+,p__Evosea,c__Eumycetozoa,o__Dictyosteliales,f__Raperosteliaceae,g__Speleostelium,s__Speleostelium_caveatum
5886,Paramecium_primaurelia,d__Eukaryota,k__Ciliophora__P+,p__Ciliophora,c__Oligohymenophorea,o__Peniculida,f__Parameciidae,g__Paramecium,s__Paramecium_primaurelia
2809013,Epithemia_sp_CRS_2021b,d__Eukaryota,k__Bacillariophyta__P+,p__Bacillariophyta,c__Bacillariophyceae,o__Rhopalodiales,f__Rhopalodiaceae,g__Epithemia,s__Epithemia_sp_CRS_2021b
162120,Pseudoperonospora_humuli,d__Eukaryota,k__Oomycota__P+,p__Oomycota,c__Peronosporales__O+,o__Peronosporales,f__Peronosporaceae,g__Pseudoperonospora,s__Pseudoperonospora_humuli
1284355,Phytophthora_kernoviae_00238_432,d__Eukaryota,k__Oomycota__P+,p__Oomycota,c__Peronosporales__O+,o__Peronosporales,f__Peronosporaceae,g__Phytophthora,s__Phytophthora_kernoviae
2125995,Globisporangium_paroecandrum,d__Eukaryota,k__Oomycota__P+,p__Oomycota,c__Pythiales__O+,o__Pythiales,f__Pythiaceae,g__Globisporangium,s__Globisporangium_paroecandrum
1259849,Nannochloropsis_granulata_CCMP529,d__Eukaryota,k__Eustigmatophyceae__C+,p__Eustigmatophyceae__C+,c__Eustigmatophyceae,o__Eustigmatales,f__Monodopsidaceae,g__Nannochloropsis,s__Nannochloropsis_granulata
5974,Halteria_grandinella,d__Eukaryota,k__Ciliophora__P+,p__Ciliophora,c__Spirotrichea,o__Sporadotrichida,f__Halteriidae,g__Halteria,s__Halteria_grandinella
1130820,Toxoplasma_gondii_GAB2_2007_GAL_DOM2,d__Eukaryota,k__Apicomplexa__P+,p__Apicomplexa,c__Conoidasida,o__Eucoccidiorida,f__Sarcocystidae,g__Toxoplasma,s__Toxoplasma_gondii
142831,Coremiostelium_polycephalum,d__Eukaryota,k__Evosea__P+,p__Evosea,c__Eumycetozoa,o__Dictyosteliales,f__Coremiostelium__G+,g__Coremiostelium,s__Coremiostelium_polycephalum
1245014,Plasmodium_falciparum_309_1,d__Eukaryota,k__Apicomplexa__P+,p__Apicomplexa,c__Aconoidasida,o__Haemosporida,f__Plasmodiidae,g__Plasmodium,s__Plasmodium_falciparum
94643,Besnoitia_besnoiti,d__Eukaryota,k__Apicomplexa__P+,p__Apicomplexa,c__Conoidasida,o__Eucoccidiorida,f__Sarcocystidae,g__Besnoitia,s__Besnoitia_besnoiti
5893,Tetrahymena_borealis,d__Eukaryota,k__Ciliophora__P+,p__Ciliophora,c__Oligohymenophorea,o__Hymenostomatida,f__Tetrahymenidae,g__Tetrahymena,s__Tetrahymena_borealis
1237626,Plasmodium_inui_San_Antonio_1,d__Eukaryota,k__Apicomplexa__P+,p__Apicomplexa,c__Aconoidasida,o__Haemosporida,f__Plasmodiidae,g__Plasmodium,s__Plasmodium_inui
1775427,Amoebophrya_sp_AT5_2,d__Eukaryota,k__Dinophyceae__C+,p__Dinophyceae__C+,c__Dinophyceae,o__Syndiniales,f__Amoebophryaceae,g__Amoebophrya,s__Amoebophrya_sp_AT5_2
32600,Acanthamoeba_royreba,d__Eukaryota,k__Discosea__P+,p__Discosea,c__Longamoebia__O+,o__Longamoebia,f__Acanthamoebidae,g__Acanthamoeba,s__Acanthamoeba_royreba
1008807,Acrasis_kona,d__Eukaryota,k__Heterolobosea__P+,p__Heterolobosea,c__Acrasidae__F+,o__Acrasidae__F+,f__Acrasidae,g__Acrasis,s__Acrasis_kona
74557,Thraustotheca_clavata,d__Eukaryota,k__Oomycota__P+,p__Oomycota,c__Saprolegniales__O+,o__Saprolegniales,f__Saprolegniaceae,g__Thraustotheca,s__Thraustotheca_clavata
1544353,Blastocystis_sp_subtype_9,d__Eukaryota,k__Bigyra__C+,p__Bigyra__C+,c__Bigyra,o__Opalinata,f__Blastocystidae,g__Blastocystis,s__Blastocystis_sp_subtype_9
361077,Tieghemostelium_lacteum,d__Eukaryota,k__Evosea__P+,p__Evosea,c__Eumycetozoa,o__Dictyosteliales,f__Raperosteliaceae,g__Tieghemostelium,s__Tieghemostelium_lacteum
1735747,Stramenopiles_sp_TOSAG23_6,d__Eukaryota,k__Stramenopiles_sp_TOSAG23_6__S+,p__Stramenopiles_sp_TOSAG23_6__S+,c__Stramenopiles_sp_TOSAG23_6__S+,o__Stramenopiles_sp_TOSAG23_6__S+,f__Stramenopiles_sp_TOSAG23_6__S+,g__Stramenopiles_sp_TOSAG23_6__S+,s__Stramenopiles_sp_TOSAG23_6
2728823,Parietichytrium_sp_I65_24A,d__Eukaryota,k__Bigyra__C+,p__Bigyra__C+,c__Bigyra,o__Thraustochytrida,f__Thraustochytriaceae,g__Parietichytrium,s__Parietichytrium_sp_I65_24A
478820,Blastocystis_sp_ATCC_50177_Nand_II,d__Eukaryota,k__Bigyra__C+,p__Bigyra__C+,c__Bigyra,o__Opalinata,f__Blastocystidae,g__Blastocystis,s__Blastocystis_sp_subtype_1
907947,Phytopythium_vexans,d__Eukaryota,k__Oomycota__P+,p__Oomycota,c__Pythiales__O+,o__Pythiales,f__Pythiaceae,g__Phytopythium,s__Phytopythium_vexans
432359,Toxoplasma_gondii_VEG,d__Eukaryota,k__Apicomplexa__P+,p__Apicomplexa,c__Conoidasida,o__Eucoccidiorida,f__Sarcocystidae,g__Toxoplasma,s__Toxoplasma_gondii
2826164,Euplotes_cf_woodruffi_2_WChen_2021,d__Eukaryota,k__Ciliophora__P+,p__Ciliophora,c__Spirotrichea,o__Euplotida,f__Euplotidae,g__Euplotes,s__Euplotes_cf_woodruffi_2_WChen_2021
2052605,Eimeria_sp_OTU_Z,d__Eukaryota,k__Apicomplexa__P+,p__Apicomplexa,c__Conoidasida,o__Eucoccidiorida,f__Eimeriidae,g__Eimeria,s__Eimeria_sp_OTU_Z
33653,Cafeteria_roenbergensis,d__Eukaryota,k__Bigyra__C+,p__Bigyra__C+,c__Bigyra,o__Bicosoecida,f__Cafeteriaceae,g__Cafeteria,s__Cafeteria_roenbergensis
2880,Ectocarpus_siliculosus,d__Eukaryota,k__Phaeophyceae__C+,p__Phaeophyceae__C+,c__Phaeophyceae,o__Ectocarpales,f__Ectocarpaceae,g__Ectocarpus,s__Ectocarpus_siliculosus
885318,Entamoeba_histolytica_HM_1_IMSS_A,d__Eukaryota,k__Evosea__P+,p__Evosea,c__Mastigamoebida__O+,o__Mastigamoebida,f__Entamoebidae,g__Entamoeba,s__Entamoeba_histolytica
5666,Leishmania_tropica,d__Eukaryota,k__Euglenozoa__P+,p__Euglenozoa,c__Kinetoplastea,o__Trypanosomatida,f__Trypanosomatidae,g__Leishmania,s__Leishmania_tropica
635003,Fragilariopsis_cylindrus_CCMP1102,d__Eukaryota,k__Bacillariophyta__P+,p__Bacillariophyta,c__Bacillariophyceae,o__Bacillariales,f__Bacillariaceae,g__Fragilariopsis,s__Fragilariopsis_cylindrus
2041349,Nitzschia_sp_Nitz4,d__Eukaryota,k__Bacillariophyta__P+,p__Bacillariophyta,c__Bacillariophyceae,o__Bacillariales,f__Bacillariaceae,g__Nitzschia,s__Nitzschia_sp_Nitz4
2600580,Hepatocystis_sp_ex_Piliocolobus_tephrosceles,d__Eukaryota,k__Apicomplexa__P+,p__Apicomplexa,c__Aconoidasida,o__Haemosporida,f__Plasmodiidae,g__Hepatocystis,s__Hepatocystis_sp_ex_Piliocolobus_tephrosceles
1314962,Perkinsela_sp_CCAP_1560_4,d__Eukaryota,k__Euglenozoa__P+,p__Euglenozoa,c__Kinetoplastea,o__Ichthyobodonidae__F+,f__Ichthyobodonidae,g__Perkinsela,s__Perkinsela_sp_CCAP_1560_4
192020,Globisporangium_carolinianum,d__Eukaryota,k__Oomycota__P+,p__Oomycota,c__Pythiales__O+,o__Pythiales,f__Pythiaceae,g__Globisporangium,s__Globisporangium_carolinianum
2029566,Trypanosomatidae_sp_JR_2017b,d__Eukaryota,k__Euglenozoa__P+,p__Euglenozoa,c__Kinetoplastea,o__Trypanosomatida,f__Trypanosomatidae,g__Trypanosomatidae_sp_JR_2017b__S+,s__Trypanosomatidae_sp_JR_2017b
1489740,Globisporangium_solare,d__Eukaryota,k__Oomycota__P+,p__Oomycota,c__Pythiales__O+,o__Pythiales,f__Pythiaceae,g__Globisporangium,s__Globisporangium_solare
118010,Rhabdomonas_costata,d__Eukaryota,k__Euglenozoa__P+,p__Euglenozoa,c__Euglenida,o__Rhabdomonadales,f__Astasiidae,g__Rhabdomonas,s__Rhabdomonas_costata
89957,Polarella_glacialis,d__Eukaryota,k__Dinophyceae__C+,p__Dinophyceae__C+,c__Dinophyceae,o__Suessiales,f__Suessiaceae,g__Polarella,s__Polarella_glacialis
601995,Entodinium_longinucleatum,d__Eukaryota,k__Ciliophora__P+,p__Ciliophora,c__Litostomatea,o__Entodiniomorphida,f__Ophryoscolecidae,g__Entodinium,s__Entodinium_longinucleatum
5826,Plasmodium_chabaudi_adami,d__Eukaryota,k__Apicomplexa__P+,p__Apicomplexa,c__Aconoidasida,o__Haemosporida,f__Plasmodiidae,g__Plasmodium,s__Plasmodium_chabaudi
4792,Phytophthora_parasitica,d__Eukaryota,k__Oomycota__P+,p__Oomycota,c__Peronosporales__O+,o__Peronosporales,f__Peronosporaceae,g__Phytophthora,s__Phytophthora_parasitica
195482,Cryptosporidium_canis,d__Eukaryota,k__Apicomplexa__P+,p__Apicomplexa,c__Conoidasida,o__Eucoccidiorida,f__Cryptosporidiidae,g__Cryptosporidium,s__Cryptosporidium_canis
1519616,Symbiodinium_sp_CCMP2456,d__Eukaryota,k__Dinophyceae__C+,p__Dinophyceae__C+,c__Dinophyceae,o__Suessiales,f__Symbiodiniaceae,g__Symbiodinium,s__Symbiodinium_sp_CCMP2456
361140,Rostrostelium_ellipticum,d__Eukaryota,k__Evosea__P+,p__Evosea,c__Eumycetozoa,o__Acytosteliales,f__Acytosteliaceae,g__Rostrostelium,s__Rostrostelium_ellipticum
1027359,Nannochloropsis_oceanica_OZ_1,d__Eukaryota,k__Eustigmatophyceae__C+,p__Eustigmatophyceae__C+,c__Eustigmatophyceae,o__Eustigmatales,f__Monodopsidaceae,g__Nannochloropsis,s__Nannochloropsis_oceanica
29204,Cyclotella_cryptica,d__Eukaryota,k__Bacillariophyta__P+,p__Bacillariophyta,c__Coscinodiscophyceae,o__Thalassiosirales,f__Stephanodiscaceae,g__Cyclotella,s__Cyclotella_cryptica
1746091,Anaeramoeba_flamelloides,d__Eukaryota,k__Anaeramoeba__G+,p__Anaeramoeba__G+,c__Anaeramoeba__G+,o__Anaeramoeba__G+,f__Anaeramoeba__G+,g__Anaeramoeba,s__Anaeramoeba_flamelloides
2996,Hydrurus_foetidus,d__Eukaryota,k__Chrysophyceae__C+,p__Chrysophyceae__C+,c__Chrysophyceae,o__Hydrurales,f__Hydruraceae,g__Hydrurus,s__Hydrurus_foetidus
210441,Asterionella_formosa,d__Eukaryota,k__Bacillariophyta__P+,p__Bacillariophyta,c__Fragilariophyceae,o__Fragilariales,f__Fragilariaceae,g__Asterionella,s__Asterionella_formosa
1394984,Giardia_intestinalis_assemblage_B,d__Eukaryota,k__Fornicata__P+,p__Fornicata,c__Diplomonadida__O+,o__Diplomonadida,f__Hexamitidae,g__Giardia,s__Giardia_intestinalis
303405,Nitzschia_inconspicua,d__Eukaryota,k__Bacillariophyta__P+,p__Bacillariophyta,c__Bacillariophyceae,o__Bacillariales,f__Bacillariaceae,g__Nitzschia,s__Nitzschia_inconspicua
2109649,Fragilaria_radians,d__Eukaryota,k__Bacillariophyta__P+,p__Bacillariophyta,c__Fragilariophyceae,o__Fragilariales,f__Fragilariaceae,g__Fragilaria,s__Fragilaria_radians
51641,Willaertia_magna,d__Eukaryota,k__Heterolobosea__P+,p__Heterolobosea,c__Vahlkampfiidae__F+,o__Vahlkampfiidae__F+,f__Vahlkampfiidae,g__Willaertia,s__Willaertia_magna
2057163,Haplosporidium_pinnae,d__Eukaryota,k__Endomyxa__P+,p__Endomyxa,c__Ascetosporea,o__Haplosporida,f__Haplosporidiidae,g__Haplosporidium,s__Haplosporidium_pinnae
1117031,Spumella_vulgaris,d__Eukaryota,k__Chrysophyceae__C+,p__Chrysophyceae__C+,c__Chrysophyceae,o__Chromulinales,f__Chromulinaceae,g__Spumella,s__Spumella_vulgaris
880535,Plasmodium_sp_gorilla_clade_G2,d__Eukaryota,k__Apicomplexa__P+,p__Apicomplexa,c__Aconoidasida,o__Haemosporida,f__Plasmodiidae,g__Plasmodium,s__Plasmodium_sp_gorilla_clade_G2
112090,Aphanomyces_astaci,d__Eukaryota,k__Oomycota__P+,p__Oomycota,c__Saprolegniales__O+,o__Saprolegniales,f__Saprolegniaceae,g__Aphanomyces,s__Aphanomyces_astaci
85056,Trypanosoma_cruzi_marinkellei,d__Eukaryota,k__Euglenozoa__P+,p__Euglenozoa,c__Kinetoplastea,o__Trypanosomatida,f__Trypanosomatidae,g__Trypanosoma,s__Trypanosoma_cruzi
2058621,Globobulimina_sp,d__Eukaryota,k__Foraminifera__P+,p__Foraminifera,c__Rotaliida__O+,o__Rotaliida,f__Buliminidae,g__Globobulimina,s__Globobulimina_sp
82938,Pythium_inflatum,d__Eukaryota,k__Oomycota__P+,p__Oomycota,c__Pythiales__O+,o__Pythiales,f__Pythiaceae,g__Pythium,s__Pythium_inflatum
138297,Plasmodium_vinckei_lentum,d__Eukaryota,k__Apicomplexa__P+,p__Apicomplexa,c__Aconoidasida,o__Haemosporida,f__Plasmodiidae,g__Plasmodium,s__Plasmodium_vinckei
761204,Phytophthora_parasitica_INRA_310,d__Eukaryota,k__Oomycota__P+,p__Oomycota,c__Peronosporales__O+,o__Peronosporales,f__Peronosporaceae,g__Phytophthora,s__Phytophthora_parasitica
1333499,Nannochloropsis_oceanica_strain_IMET1,d__Eukaryota,k__Eustigmatophyceae__C+,p__Eustigmatophyceae__C+,c__Eustigmatophyceae,o__Eustigmatales,f__Monodopsidaceae,g__Nannochloropsis,s__Nannochloropsis_oceanica
1027361,Nannochloropsis_salina_CCMP1776,d__Eukaryota,k__Eustigmatophyceae__C+,p__Eustigmatophyceae__C+,c__Eustigmatophyceae,o__Eustigmatales,f__Monodopsidaceae,g__Microchloropsis,s__Microchloropsis_salina
44415,Eimeria_mitis,d__Eukaryota,k__Apicomplexa__P+,p__Apicomplexa,c__Conoidasida,o__Eucoccidiorida,f__Eimeriidae,g__Eimeria,s__Eimeria_mitis
1027358,Nannochloropsis_oceanica_CCMP531,d__Eukaryota,k__Eustigmatophyceae__C+,p__Eustigmatophyceae__C+,c__Eustigmatophyceae,o__Eustigmatales,f__Monodopsidaceae,g__Nannochloropsis,s__Nannochloropsis_oceanica
5860,Plasmodium_vinckei,d__Eukaryota,k__Apicomplexa__P+,p__Apicomplexa,c__Aconoidasida,o__Haemosporida,f__Plasmodiidae,g__Plasmodium,s__Plasmodium_vinckei
5699,Trypanosoma_vivax,d__Eukaryota,k__Euglenozoa__P+,p__Euglenozoa,c__Kinetoplastea,o__Trypanosomatida,f__Trypanosomatidae,g__Trypanosoma,s__Trypanosoma_vivax
5942,Euplotes_woodruffi,d__Eukaryota,k__Ciliophora__P+,p__Ciliophora,c__Spirotrichea,o__Euplotida,f__Euplotidae,g__Euplotes,s__Euplotes_woodruffi
1450477,Pythium_cederbergense,d__Eukaryota,k__Oomycota__P+,p__Oomycota,c__Pythiales__O+,o__Pythiales,f__Pythiaceae,g__Pythium,s__Pythium_cederbergense
127446,Halophytophthora_batemanensis,d__Eukaryota,k__Oomycota__P+,p__Oomycota,c__Pythiales__O+,o__Pythiales,f__Pythiaceae,g__Halophytophthora,s__Halophytophthora_batemanensis
348837,Spironucleus_salmonicida,d__Eukaryota,k__Fornicata__P+,p__Fornicata,c__Diplomonadida__O+,o__Diplomonadida,f__Hexamitidae,g__Spironucleus,s__Spironucleus_salmonicida
755200,Stylonychia_lemnae_2x8_2,d__Eukaryota,k__Ciliophora__P+,p__Ciliophora,c__Spirotrichea,o__Sporadotrichida,f__Oxytrichidae,g__Stylonychia,s__Stylonychia_lemnae
864141,Plasmodium_ovale_curtisi,d__Eukaryota,k__Apicomplexa__P+,p__Apicomplexa,c__Aconoidasida,o__Haemosporida,f__Plasmodiidae,g__Plasmodium,s__Plasmodium_ovale
356896,Strombidium_stylifer,d__Eukaryota,k__Ciliophora__P+,p__Ciliophora,c__Spirotrichea,o__Strombidiidae__F+,f__Strombidiidae,g__Strombidium,s__Strombidium_stylifer
5698,Trypanosoma_rangeli,d__Eukaryota,k__Euglenozoa__P+,p__Euglenozoa,c__Kinetoplastea,o__Trypanosomatida,f__Trypanosomatidae,g__Trypanosoma,s__Trypanosoma_rangeli
5757,Acanthamoeba_polyphaga,d__Eukaryota,k__Discosea__P+,p__Discosea,c__Longamoebia__O+,o__Longamoebia,f__Acanthamoebidae,g__Acanthamoeba,s__Acanthamoeba_polyphaga
5875,Theileria_parva,d__Eukaryota,k__Apicomplexa__P+,p__Apicomplexa,c__Aconoidasida,o__Piroplasmida,f__Theileriidae,g__Theileria,s__Theileria_parva
1169540,Vitrella_brassicaformis_CCMP3155,d__Eukaryota,k__Vitrellaceae__F+,p__Vitrellaceae__F+,c__Vitrellaceae__F+,o__Vitrellaceae__F+,f__Vitrellaceae,g__Vitrella,s__Vitrella_brassicaformis
47897,Isotricha_intestinalis,d__Eukaryota,k__Ciliophora__P+,p__Ciliophora,c__Litostomatea,o__Vestibuliferida,f__Isotrichidae,g__Isotricha,s__Isotricha_intestinalis
1229734,Schmidingerella_arcuata,d__Eukaryota,k__Ciliophora__P+,p__Ciliophora,c__Spirotrichea,o__Tintinnida,f__Rhabdonellidae,g__Schmidingerella,s__Schmidingerella_arcuata
4784,Phytophthora_capsici,d__Eukaryota,k__Oomycota__P+,p__Oomycota,c__Peronosporales__O+,o__Peronosporales,f__Peronosporaceae,g__Phytophthora,s__Phytophthora_capsici
1027362,Nannochloropsis_salina_CCMP537,d__Eukaryota,k__Eustigmatophyceae__C+,p__Eustigmatophyceae__C+,c__Eustigmatophyceae,o__Eustigmatales,f__Monodopsidaceae,g__Microchloropsis,s__Microchloropsis_salina
85471,Plasmodium_relictum,d__Eukaryota,k__Apicomplexa__P+,p__Apicomplexa,c__Aconoidasida,o__Haemosporida,f__Plasmodiidae,g__Plasmodium,s__Plasmodium_relictum
1603071,Cryptosporidium_sp_chipmunk_LX_2015,d__Eukaryota,k__Apicomplexa__P+,p__Apicomplexa,c__Conoidasida,o__Eucoccidiorida,f__Cryptosporidiidae,g__Cryptosporidium,s__Cryptosporidium_sp_chipmunk_LX_2015
2781574,Nephromyces_sp_MM_2019,d__Eukaryota,k__Apicomplexa__P+,p__Apicomplexa,c__Aconoidasida,o__Nephromycida,f__Nephromyces__G+,g__Nephromyces,s__Nephromyces_sp_MM_2019
47887,Epidinium_caudatum,d__Eukaryota,k__Ciliophora__P+,p__Ciliophora,c__Litostomatea,o__Entodiniomorphida,f__Ophryoscolecidae,g__Epidinium,s__Epidinium_caudatum
5861,Plasmodium_yoelii,d__Eukaryota,k__Apicomplexa__P+,p__Apicomplexa,c__Aconoidasida,o__Haemosporida,f__Plasmodiidae,g__Plasmodium,s__Plasmodium_yoelii
178273,Euplotes_sp,d__Eukaryota,k__Ciliophora__P+,p__Ciliophora,c__Spirotrichea,o__Euplotida,f__Euplotidae,g__Euplotes,s__Euplotes_sp
1055687,Trypanosoma_vivax_Y486,d__Eukaryota,k__Euglenozoa__P+,p__Euglenozoa,c__Kinetoplastea,o__Trypanosomatida,f__Trypanosomatidae,g__Trypanosoma,s__Trypanosoma_vivax
1642459,Phytophthora_agathidicida,d__Eukaryota,k__Oomycota__P+,p__Oomycota,c__Peronosporales__O+,o__Peronosporales,f__Peronosporaceae,g__Phytophthora,s__Phytophthora_agathidicida
935652,Toxoplasma_gondii_RUB,d__Eukaryota,k__Apicomplexa__P+,p__Apicomplexa,c__Conoidasida,o__Eucoccidiorida,f__Sarcocystidae,g__Toxoplasma,s__Toxoplasma_gondii
559965,Schizochytrium_sp_TIO01,d__Eukaryota,k__Bigyra__C+,p__Bigyra__C+,c__Bigyra,o__Thraustochytrida,f__Thraustochytriaceae,g__Schizochytrium,s__Schizochytrium_sp_TIO01
943167,Toxoplasma_gondii_FOU,d__Eukaryota,k__Apicomplexa__P+,p__Apicomplexa,c__Conoidasida,o__Eucoccidiorida,f__Sarcocystidae,g__Toxoplasma,s__Toxoplasma_gondii
1110540,Metadinium_minorum,d__Eukaryota,k__Ciliophora__P+,p__Ciliophora,c__Litostomatea,o__Entodiniomorphida,f__Ophryoscolecidae,g__Metadinium,s__Metadinium_minorum
1629122,Pythium_barbulae,d__Eukaryota,k__Oomycota__P+,p__Oomycota,c__Pythiales__O+,o__Pythiales,f__Pythiaceae,g__Pythium,s__Pythium_barbulae
180902,Phytophthora_uliginosa,d__Eukaryota,k__Oomycota__P+,p__Oomycota,c__Peronosporales__O+,o__Peronosporales,f__Peronosporaceae,g__Phytophthora,s__Phytophthora_uliginosa
41045,Pythium_oligandrum,d__Eukaryota,k__Oomycota__P+,p__Oomycota,c__Pythiales__O+,o__Pythiales,f__Pythiaceae,g__Pythium,s__Pythium_oligandrum
5759,Entamoeba_histolytica,d__Eukaryota,k__Evosea__P+,p__Evosea,c__Mastigamoebida__O+,o__Mastigamoebida,f__Entamoebidae,g__Entamoeba,s__Entamoeba_histolytica
83540,Cryptosporidium_felis,d__Eukaryota,k__Apicomplexa__P+,p__Apicomplexa,c__Conoidasida,o__Eucoccidiorida,f__Cryptosporidiidae,g__Cryptosporidium,s__Cryptosporidium_felis
1692154,Phytophthora_chlamydospora,d__Eukaryota,k__Oomycota__P+,p__Oomycota,c__Peronosporales__O+,o__Peronosporales,f__Peronosporaceae,g__Phytophthora,s__Phytophthora_chlamydospora
1295824,Leishmania_panamensis_MHOM_COL_81_L13,d__Eukaryota,k__Euglenozoa__P+,p__Euglenozoa,c__Kinetoplastea,o__Trypanosomatida,f__Trypanosomatidae,g__Leishmania,s__Leishmania_panamensis
31271,Plasmodium_chabaudi_chabaudi,d__Eukaryota,k__Apicomplexa__P+,p__Apicomplexa,c__Aconoidasida,o__Haemosporida,f__Plasmodiidae,g__Plasmodium,s__Plasmodium_chabaudi
517775,Psammoneis_japonica,d__Eukaryota,k__Bacillariophyta__P+,p__Bacillariophyta,c__Mediophyceae,o__Triceratiales,f__Plagiogrammaceae,g__Psammoneis,s__Psammoneis_japonica
5804,Eimeria_maxima,d__Eukaryota,k__Apicomplexa__P+,p__Apicomplexa,c__Conoidasida,o__Eucoccidiorida,f__Eimeriidae,g__Eimeria,s__Eimeria_maxima
885314,Entamoeba_histolytica_MS96_3382,d__Eukaryota,k__Evosea__P+,p__Evosea,c__Mastigamoebida__O+,o__Mastigamoebida,f__Entamoebidae,g__Entamoeba,s__Entamoeba_histolytica
330153,Perkinsus_chesapeaki,d__Eukaryota,k__Perkinsozoa__P+,p__Perkinsozoa,c__Perkinsida__O+,o__Perkinsida,f__Perkinsidae,g__Perkinsus,s__Perkinsus_chesapeaki
5659,Leishmania_amazonensis,d__Eukaryota,k__Euglenozoa__P+,p__Euglenozoa,c__Kinetoplastea,o__Trypanosomatida,f__Trypanosomatidae,g__Leishmania,s__Leishmania_amazonensis
109152,Phytophthora_boehmeriae,d__Eukaryota,k__Oomycota__P+,p__Oomycota,c__Peronosporales__O+,o__Peronosporales,f__Peronosporaceae,g__Phytophthora,s__Phytophthora_boehmeriae
1049196,Phytopythium_boreale,d__Eukaryota,k__Oomycota__P+,p__Oomycota,c__Pythiales__O+,o__Pythiales,f__Pythiaceae,g__Phytopythium,s__Phytopythium_boreale
508771,Toxoplasma_gondii_ME49,d__Eukaryota,k__Apicomplexa__P+,p__Apicomplexa,c__Conoidasida,o__Eucoccidiorida,f__Sarcocystidae,g__Toxoplasma,s__Toxoplasma_gondii
1117027,Poteriospumella_lacustris,d__Eukaryota,k__Chrysophyceae__C+,p__Chrysophyceae__C+,c__Chrysophyceae,o__Chromulinales,f__Dinobryaceae,g__Poteriospumella,s__Poteriospumella_lacustris
162125,Hyaloperonospora_brassicae,d__Eukaryota,k__Oomycota__P+,p__Oomycota,c__Peronosporales__O+,o__Peronosporales,f__Peronosporaceae,g__Hyaloperonospora,s__Hyaloperonospora_brassicae
5802,Eimeria_tenella,d__Eukaryota,k__Apicomplexa__P+,p__Apicomplexa,c__Conoidasida,o__Eucoccidiorida,f__Eimeriidae,g__Eimeria,s__Eimeria_tenella
697907,Cryptophyta_sp_CCMP2293,d__Eukaryota,k__Cryptophyceae__C+,p__Cryptophyceae__C+,c__Cryptophyceae,o__Cryptophyta_sp_CCMP2293__S+,f__Cryptophyta_sp_CCMP2293__S+,g__Cryptophyta_sp_CCMP2293__S+,s__Cryptophyta_sp_CCMP2293
77519,Plasmodium_gonderi,d__Eukaryota,k__Apicomplexa__P+,p__Apicomplexa,c__Aconoidasida,o__Haemosporida,f__Plasmodiidae,g__Plasmodium,s__Plasmodium_gonderi
222440,Streblomastix_strix,d__Eukaryota,k__Preaxostyla__P+,p__Preaxostyla,c__Oxymonadida__O+,o__Oxymonadida,f__Streblomastigidae,g__Streblomastix,s__Streblomastix_strix
403677,Phytophthora_infestans_T30_4,d__Eukaryota,k__Oomycota__P+,p__Oomycota,c__Peronosporales__O+,o__Peronosporales,f__Peronosporaceae,g__Phytophthora,s__Phytophthora_infestans
181584,Euplotes_parawoodruffi,d__Eukaryota,k__Ciliophora__P+,p__Ciliophora,c__Spirotrichea,o__Euplotida,f__Euplotidae,g__Euplotes,s__Euplotes_parawoodruffi
183589,Pseudo_nitzschia_multistriata,d__Eukaryota,k__Bacillariophyta__P+,p__Bacillariophyta,c__Bacillariophyceae,o__Bacillariales,f__Bacillariaceae,g__Pseudo_nitzschia,s__Pseudo_nitzschia_multistriata
210448,Fragilaria_crotonensis,d__Eukaryota,k__Bacillariophyta__P+,p__Bacillariophyta,c__Fragilariophyceae,o__Fragilariales,f__Fragilariaceae,g__Fragilaria,s__Fragilaria_crotonensis
483367,Pavlovales_sp_CCMP2436,d__Eukaryota,k__Haptophyta__P+,p__Haptophyta,c__Pavlovales__O+,o__Pavlovales,f__Pavlovales_sp_CCMP2436__S+,g__Pavlovales_sp_CCMP2436__S+,s__Pavlovales_sp_CCMP2436
127563,Chrysochromulina_parva,d__Eukaryota,k__Haptophyta__P+,p__Haptophyta,c__Prymnesiales__O+,o__Prymnesiales,f__Chrysochromulinaceae,g__Chrysochromulina,s__Chrysochromulina_parva
5786,Dictyostelium_purpureum,d__Eukaryota,k__Evosea__P+,p__Evosea,c__Eumycetozoa,o__Dictyosteliales,f__Dictyosteliaceae,g__Dictyostelium,s__Dictyostelium_purpureum
100272,uncultured_eukaryote,d__Eukaryota,k__uncultured_eukaryote__S+,p__uncultured_eukaryote__S+,c__uncultured_eukaryote__S+,o__uncultured_eukaryote__S+,f__uncultured_eukaryote__S+,g__uncultured_eukaryote__S+,s__uncultured_eukaryote
91374,Diplonema_papillatum,d__Eukaryota,k__Euglenozoa__P+,p__Euglenozoa,c__Diplonemea__O+,o__Diplonemea,f__Diplonemidae,g__Diplonema,s__Diplonema_papillatum
479712,Phytomonas_sp_EM1,d__Eukaryota,k__Euglenozoa__P+,p__Euglenozoa,c__Kinetoplastea,o__Trypanosomatida,f__Trypanosomatidae,g__Phytomonas,s__Phytomonas_sp_EM1
5656,Crithidia_fasciculata,d__Eukaryota,k__Euglenozoa__P+,p__Euglenozoa,c__Kinetoplastea,o__Trypanosomatida,f__Trypanosomatidae,g__Crithidia,s__Crithidia_fasciculata
166959,Tetramitus_jugosus,d__Eukaryota,k__Heterolobosea__P+,p__Heterolobosea,c__Vahlkampfiidae__F+,o__Vahlkampfiidae__F+,f__Vahlkampfiidae,g__Tetramitus,s__Tetramitus_jugosus
358021,Ophryoscolex_caudatus,d__Eukaryota,k__Ciliophora__P+,p__Ciliophora,c__Litostomatea,o__Entodiniomorphida,f__Ophryoscolecidae,g__Ophryoscolex,s__Ophryoscolex_caudatus
5854,Plasmodium_reichenowi,d__Eukaryota,k__Apicomplexa__P+,p__Apicomplexa,c__Aconoidasida,o__Haemosporida,f__Plasmodiidae,g__Plasmodium,s__Plasmodium_reichenowi
120807,Nannochloropsis_limnetica,d__Eukaryota,k__Eustigmatophyceae__C+,p__Eustigmatophyceae__C+,c__Eustigmatophyceae,o__Eustigmatales,f__Monodopsidaceae,g__Nannochloropsis,s__Nannochloropsis_limnetica
134455,Phytophthora_quininea,d__Eukaryota,k__Oomycota__P+,p__Oomycota,c__Peronosporales__O+,o__Peronosporales,f__Peronosporaceae,g__Phytophthora,s__Phytophthora_quininea
5671,Leishmania_infantum,d__Eukaryota,k__Euglenozoa__P+,p__Euglenozoa,c__Kinetoplastea,o__Trypanosomatida,f__Trypanosomatidae,g__Leishmania,s__Leishmania_infantum
104179,Symbiodinium_kawagutii,d__Eukaryota,k__Dinophyceae__C+,p__Dinophyceae__C+,c__Dinophyceae,o__Suessiales,f__Symbiodiniaceae,g__Symbiodinium,s__Symbiodinium_kawagutii
929439,Leishmania_mexicana_MHOM_GT_2001_U1103,d__Eukaryota,k__Euglenozoa__P+,p__Euglenozoa,c__Kinetoplastea,o__Trypanosomatida,f__Trypanosomatidae,g__Leishmania,s__Leishmania_mexicana
1563116,Symbiodinium_sp_clade_C_Y103,d__Eukaryota,k__Dinophyceae__C+,p__Dinophyceae__C+,c__Dinophyceae,o__Suessiales,f__Symbiodiniaceae,g__Cladocopium,s__Cladocopium_sp_clade_C
1653305,Lenisia_limosa,d__Eukaryota,k__Breviatea__C+,p__Breviatea__C+,c__Breviatea,o__Lenisia__G+,f__Lenisia__G+,g__Lenisia,s__Lenisia_limosa
505711,Andalucia_godoyi,d__Eukaryota,k__Jakobida__O+,p__Jakobida__O+,c__Jakobida__O+,o__Jakobida,f__Andaluciidae,g__Andalucia,s__Andalucia_godoyi
43137,Paramecium_octaurelia,d__Eukaryota,k__Ciliophora__P+,p__Ciliophora,c__Oligohymenophorea,o__Peniculida,f__Parameciidae,g__Paramecium,s__Paramecium_octaurelia
266149,Pseudocohnilembus_persalinus,d__Eukaryota,k__Ciliophora__P+,p__Ciliophora,c__Oligohymenophorea,o__Philasterida,f__Pseudocohnilembidae,g__Pseudocohnilembus,s__Pseudocohnilembus_persalinus
12968,Blastocystis_hominis,d__Eukaryota,k__Bigyra__C+,p__Bigyra__C+,c__Bigyra,o__Opalinata,f__Blastocystidae,g__Blastocystis,s__Blastocystis_hominis
5741,Giardia_intestinalis,d__Eukaryota,k__Fornicata__P+,p__Fornicata,c__Diplomonadida__O+,o__Diplomonadida,f__Hexamitidae,g__Giardia,s__Giardia_intestinalis
2125998,Globisporangium_spinosum,d__Eukaryota,k__Oomycota__P+,p__Oomycota,c__Pythiales__O+,o__Pythiales,f__Pythiaceae,g__Globisporangium,s__Globisporangium_spinosum
1117030,Pedospumella_encystans,d__Eukaryota,k__Chrysophyceae__C+,p__Chrysophyceae__C+,c__Chrysophyceae,o__Chromulinales,f__Chromulinaceae,g__Pedospumella,s__Pedospumella_encystans
1588901,Pythium_utonaiense,d__Eukaryota,k__Oomycota__P+,p__Oomycota,c__Pythiales__O+,o__Pythiales,f__Pythiaceae,g__Pythium,s__Pythium_utonaiense
255166,Pythium_viniferum,d__Eukaryota,k__Oomycota__P+,p__Oomycota,c__Pythiales__O+,o__Pythiales,f__Pythiaceae,g__Pythium,s__Pythium_viniferum
331608,Certesia_quadrinucleata,d__Eukaryota,k__Ciliophora__P+,p__Ciliophora,c__Spirotrichea,o__Euplotida,f__Certesiidae,g__Certesia,s__Certesia_quadrinucleata
296543,Thalassiosira_pseudonana_CCMP1335,d__Eukaryota,k__Bacillariophyta__P+,p__Bacillariophyta,c__Coscinodiscophyceae,o__Thalassiosirales,f__Thalassiosiraceae,g__Thalassiosira,s__Thalassiosira_pseudonana
36329,Plasmodium_falciparum_3D7,d__Eukaryota,k__Apicomplexa__P+,p__Apicomplexa,c__Aconoidasida,o__Haemosporida,f__Plasmodiidae,g__Plasmodium,s__Plasmodium_falciparum
1255295,Goniomonas_avonlea,d__Eukaryota,k__Cryptophyceae__C+,p__Cryptophyceae__C+,c__Cryptophyceae,o__Cyathomonadacea,f__Goniomonadaceae,g__Goniomonas,s__Goniomonas_avonlea
138298,Plasmodium_vinckei_petteri,d__Eukaryota,k__Apicomplexa__P+,p__Apicomplexa,c__Aconoidasida,o__Haemosporida,f__Plasmodiidae,g__Plasmodium,s__Plasmodium_vinckei
221518,Phytophthora_pseudosyringae,d__Eukaryota,k__Oomycota__P+,p__Oomycota,c__Peronosporales__O+,o__Peronosporales,f__Peronosporaceae,g__Phytophthora,s__Phytophthora_pseudosyringae
5679,Leishmania_panamensis,d__Eukaryota,k__Euglenozoa__P+,p__Euglenozoa,c__Kinetoplastea,o__Trypanosomatida,f__Trypanosomatidae,g__Leishmania,s__Leishmania_panamensis
162140,Plasmopara_obducens,d__Eukaryota,k__Oomycota__P+,p__Oomycota,c__Peronosporales__O+,o__Peronosporales,f__Peronosporaceae,g__Plasmopara,s__Plasmopara_obducens
796356,Crithidia_mellificae,d__Eukaryota,k__Euglenozoa__P+,p__Euglenozoa,c__Kinetoplastea,o__Trypanosomatida,f__Trypanosomatidae,g__Crithidia,s__Crithidia_mellificae
65658,Acanthamoeba_astronyxis,d__Eukaryota,k__Discosea__P+,p__Discosea,c__Longamoebia__O+,o__Longamoebia,f__Acanthamoebidae,g__Acanthamoeba,s__Acanthamoeba_astronyxis
1317065,Phytophthora_parasitica_P1569,d__Eukaryota,k__Oomycota__P+,p__Oomycota,c__Peronosporales__O+,o__Peronosporales,f__Peronosporaceae,g__Phytophthora,s__Phytophthora_parasitica
1130980,Phytopythium_delawarense,d__Eukaryota,k__Oomycota__P+,p__Oomycota,c__Pythiales__O+,o__Pythiales,f__Pythiaceae,g__Phytopythium,s__Phytopythium_delawarense
5670,Leishmania_guyanensis,d__Eukaryota,k__Euglenozoa__P+,p__Euglenozoa,c__Kinetoplastea,o__Trypanosomatida,f__Trypanosomatidae,g__Leishmania,s__Leishmania_guyanensis
1257118,Acanthamoeba_castellanii_str_Neff,d__Eukaryota,k__Discosea__P+,p__Discosea,c__Longamoebia__O+,o__Longamoebia,f__Acanthamoebidae,g__Acanthamoeba,s__Acanthamoeba_castellanii
944168,Blastocystis_sp_subtype_3,d__Eukaryota,k__Bigyra__C+,p__Bigyra__C+,c__Bigyra,o__Opalinata,f__Blastocystidae,g__Blastocystis,s__Blastocystis_sp_subtype_3
1563115,Symbiodinium_sp_clade_A_Y106,d__Eukaryota,k__Dinophyceae__C+,p__Dinophyceae__C+,c__Dinophyceae,o__Suessiales,f__Symbiodiniaceae,g__Symbiodinium,s__Symbiodinium_sp_clade_A
157538,Leptomonas_pyrrhocoris,d__Eukaryota,k__Euglenozoa__P+,p__Euglenozoa,c__Kinetoplastea,o__Trypanosomatida,f__Trypanosomatidae,g__Leptomonas,s__Leptomonas_pyrrhocoris
540036,Phytophthora_parvispora,d__Eukaryota,k__Oomycota__P+,p__Oomycota,c__Peronosporales__O+,o__Peronosporales,f__Peronosporaceae,g__Phytophthora,s__Phytophthora_parvispora
319040,Pythium_phragmitis,d__Eukaryota,k__Oomycota__P+,p__Oomycota,c__Pythiales__O+,o__Pythiales,f__Pythiaceae,g__Pythium,s__Pythium_phragmitis
211522,Acanthamoeba_quina,d__Eukaryota,k__Discosea__P+,p__Discosea,c__Longamoebia__O+,o__Longamoebia,f__Acanthamoebidae,g__Acanthamoeba,s__Acanthamoeba_quina
5949,Stylonychia_lemnae,d__Eukaryota,k__Ciliophora__P+,p__Ciliophora,c__Spirotrichea,o__Sporadotrichida,f__Oxytrichidae,g__Stylonychia,s__Stylonychia_lemnae
703971,Spumella_sp_AR4D6,d__Eukaryota,k__Chrysophyceae__C+,p__Chrysophyceae__C+,c__Chrysophyceae,o__Chromulinales,f__Chromulinaceae,g__Spumella,s__Spumella_sp_AR4D6
943118,Toxoplasma_gondii_MAS,d__Eukaryota,k__Apicomplexa__P+,p__Apicomplexa,c__Conoidasida,o__Eucoccidiorida,f__Sarcocystidae,g__Toxoplasma,s__Toxoplasma_gondii
2762,Cyanophora_paradoxa,d__Eukaryota,k__Glaucocystophyceae__C+,p__Glaucocystophyceae__C+,c__Glaucocystophyceae,o__Cyanophoraceae__F+,f__Cyanophoraceae,g__Cyanophora,s__Cyanophora_paradoxa
999947,Angomonas_ambiguus,d__Eukaryota,k__Euglenozoa__P+,p__Euglenozoa,c__Kinetoplastea,o__Trypanosomatida,f__Trypanosomatidae,g__Angomonas,s__Angomonas_ambiguus
864142,Plasmodium_ovale_wallikeri,d__Eukaryota,k__Apicomplexa__P+,p__Apicomplexa,c__Aconoidasida,o__Haemosporida,f__Plasmodiidae,g__Plasmodium,s__Plasmodium_ovale
36330,Plasmodium_ovale,d__Eukaryota,k__Apicomplexa__P+,p__Apicomplexa,c__Aconoidasida,o__Haemosporida,f__Plasmodiidae,g__Plasmodium,s__Plasmodium_ovale
5778,Vermamoeba_vermiformis,d__Eukaryota,k__Tubulinea__P+,p__Tubulinea,c__Echinamoebida,o__Vermamoeba__G+,f__Vermamoeba__G+,g__Vermamoeba,s__Vermamoeba_vermiformis
483370,Pelagophyceae_sp_CCMP2097,d__Eukaryota,k__Pelagophyceae__C+,p__Pelagophyceae__C+,c__Pelagophyceae,o__Pelagophyceae_sp_CCMP2097__S+,f__Pelagophyceae_sp_CCMP2097__S+,g__Pelagophyceae_sp_CCMP2097__S+,s__Pelagophyceae_sp_CCMP2097
2052604,Eimeria_sp_OTU_Y,d__Eukaryota,k__Apicomplexa__P+,p__Apicomplexa,c__Conoidasida,o__Eucoccidiorida,f__Eimeriidae,g__Eimeria,s__Eimeria_sp_OTU_Y
631055,Symbiodinium_sp_CCMP2592,d__Eukaryota,k__Dinophyceae__C+,p__Dinophyceae__C+,c__Dinophyceae,o__Suessiales,f__Symbiodiniaceae,g__Symbiodinium,s__Symbiodinium_sp_CCMP2592
65070,Pythium_aphanidermatum,d__Eukaryota,k__Oomycota__P+,p__Oomycota,c__Pythiales__O+,o__Pythiales,f__Pythiaceae,g__Pythium,s__Pythium_aphanidermatum
51314,Eimeria_brunetti,d__Eukaryota,k__Apicomplexa__P+,p__Apicomplexa,c__Conoidasida,o__Eucoccidiorida,f__Eimeriidae,g__Eimeria,s__Eimeria_brunetti
653948,Albugo_laibachii,d__Eukaryota,k__Oomycota__P+,p__Oomycota,c__Albuginales__O+,o__Albuginales,f__Albuginaceae,g__Albugo,s__Albugo_laibachii
164328,Phytophthora_ramorum,d__Eukaryota,k__Oomycota__P+,p__Oomycota,c__Peronosporales__O+,o__Peronosporales,f__Peronosporaceae,g__Phytophthora,s__Phytophthora_ramorum
202919,Acanthamoeba_divionensis,d__Eukaryota,k__Discosea__P+,p__Discosea,c__Longamoebia__O+,o__Longamoebia,f__Acanthamoebidae,g__Acanthamoeba,s__Acanthamoeba_divionensis
1573607,Schizochytrium_sp_CCTCC_M209059,d__Eukaryota,k__Bigyra__C+,p__Bigyra__C+,c__Bigyra,o__Thraustochytrida,f__Thraustochytriaceae,g__Schizochytrium,s__Schizochytrium_sp_CCTCC_M209059
1703786,Stentor_roeselii,d__Eukaryota,k__Ciliophora__P+,p__Ciliophora,c__Heterotrichea,o__Heterotrichida,f__Stentoridae,g__Stentor,s__Stentor_roeselii
67594,Phytophthora_syringae,d__Eukaryota,k__Oomycota__P+,p__Oomycota,c__Peronosporales__O+,o__Peronosporales,f__Peronosporaceae,g__Phytophthora,s__Phytophthora_syringae
53985,Phytophthora_fragariae,d__Eukaryota,k__Oomycota__P+,p__Oomycota,c__Peronosporales__O+,o__Peronosporales,f__Peronosporaceae,g__Phytophthora,s__Phytophthora_fragariae
1317064,Phytophthora_parasitica_P10297,d__Eukaryota,k__Oomycota__P+,p__Oomycota,c__Peronosporales__O+,o__Peronosporales,f__Peronosporaceae,g__Phytophthora,s__Phytophthora_parasitica
878477,Symbiodinium_natans,d__Eukaryota,k__Dinophyceae__C+,p__Dinophyceae__C+,c__Dinophyceae,o__Suessiales,f__Symbiodiniaceae,g__Symbiodinium,s__Symbiodinium_natans
39449,Prorocentrum_minimum,d__Eukaryota,k__Dinophyceae__C+,p__Dinophyceae__C+,c__Dinophyceae,o__Prorocentrales,f__Prorocentraceae,g__Prorocentrum,s__Prorocentrum_minimum
28015,Acanthamoeba_palestinensis,d__Eukaryota,k__Discosea__P+,p__Discosea,c__Longamoebia__O+,o__Longamoebia,f__Acanthamoebidae,g__Acanthamoeba,s__Acanthamoeba_palestinensis
1519565,Fistulifera_solaris,d__Eukaryota,k__Bacillariophyta__P+,p__Bacillariophyta,c__Bacillariophyceae,o__Naviculales,f__Naviculaceae,g__Fistulifera,s__Fistulifera_solaris
3039,Euglena_gracilis,d__Eukaryota,k__Euglenozoa__P+,p__Euglenozoa,c__Euglenida,o__Euglenales,f__Euglenaceae,g__Euglena,s__Euglena_gracilis
158060,Euglena_gracilis_var_bacillaris,d__Eukaryota,k__Euglenozoa__P+,p__Euglenozoa,c__Euglenida,o__Euglenales,f__Euglenaceae,g__Euglena,s__Euglena_gracilis
370354,Entamoeba_dispar_SAW760,d__Eukaryota,k__Evosea__P+,p__Evosea,c__Mastigamoebida__O+,o__Mastigamoebida,f__Entamoebidae,g__Entamoeba,s__Entamoeba_dispar
54757,Plasmodium_vinckei_vinckei,d__Eukaryota,k__Apicomplexa__P+,p__Apicomplexa,c__Aconoidasida,o__Haemosporida,f__Plasmodiidae,g__Plasmodium,s__Plasmodium_vinckei
707994,Phytopythium_kandeliae,d__Eukaryota,k__Oomycota__P+,p__Oomycota,c__Pythiales__O+,o__Pythiales,f__Pythiaceae,g__Phytopythium,s__Phytopythium_kandeliae
358022,Ostracodinium_gracile,d__Eukaryota,k__Ciliophora__P+,p__Ciliophora,c__Litostomatea,o__Entodiniomorphida,f__Ophryoscolecidae,g__Ostracodinium,s__Ostracodinium_gracile
74381,Undaria_pinnatifida,d__Eukaryota,k__Phaeophyceae__C+,p__Phaeophyceae__C+,c__Phaeophyceae,o__Laminariales,f__Alariaceae,g__Undaria,s__Undaria_pinnatifida
94289,Sterkiella_histriomuscorum,d__Eukaryota,k__Ciliophora__P+,p__Ciliophora,c__Spirotrichea,o__Sporadotrichida,f__Oxytrichidae,g__Sterkiella,s__Sterkiella_histriomuscorum
311387,Pseudokeronopsis_flava,d__Eukaryota,k__Ciliophora__P+,p__Ciliophora,c__Spirotrichea,o__Urostylida,f__Pseudokeronopsidae,g__Pseudokeronopsis,s__Pseudokeronopsis_flava
5885,Paramecium_caudatum,d__Eukaryota,k__Ciliophora__P+,p__Ciliophora,c__Oligohymenophorea,o__Peniculida,f__Parameciidae,g__Paramecium,s__Paramecium_caudatum
1076696,Entamoeba_nuttalli_P19,d__Eukaryota,k__Evosea__P+,p__Evosea,c__Mastigamoebida__O+,o__Mastigamoebida,f__Entamoebidae,g__Entamoeba,s__Entamoeba_nuttalli
230985,Symbiodinium_sp_KB8,d__Eukaryota,k__Dinophyceae__C+,p__Dinophyceae__C+,c__Dinophyceae,o__Suessiales,f__Symbiodiniaceae,g__Symbiodinium,s__Symbiodinium_sp_KB8
114742,Pythium_insidiosum,d__Eukaryota,k__Oomycota__P+,p__Oomycota,c__Pythiales__O+,o__Pythiales,f__Pythiaceae,g__Pythium,s__Pythium_insidiosum
1660234,Rhizaria_sp_SCN_62_66,d__Eukaryota,k__Rhizaria_sp_SCN_62_66__S+,p__Rhizaria_sp_SCN_62_66__S+,c__Rhizaria_sp_SCN_62_66__S+,o__Rhizaria_sp_SCN_62_66__S+,f__Rhizaria_sp_SCN_62_66__S+,g__Rhizaria_sp_SCN_62_66__S+,s__Rhizaria_sp_SCN_62_66
35122,Macrocystis_pyrifera,d__Eukaryota,k__Phaeophyceae__C+,p__Phaeophyceae__C+,c__Phaeophyceae,o__Laminariales,f__Laminariaceae,g__Macrocystis,s__Macrocystis_pyrifera
1245013,Plasmodium_falciparum_303_1,d__Eukaryota,k__Apicomplexa__P+,p__Apicomplexa,c__Aconoidasida,o__Haemosporida,f__Plasmodiidae,g__Plasmodium,s__Plasmodium_falciparum
431595,Globisporangium_ultimum_DAOM_BR144,d__Eukaryota,k__Oomycota__P+,p__Oomycota,c__Pythiales__O+,o__Pythiales,f__Pythiaceae,g__Globisporangium,s__Globisporangium_ultimum
647221,Plasmodium_gaboni,d__Eukaryota,k__Apicomplexa__P+,p__Apicomplexa,c__Aconoidasida,o__Haemosporida,f__Plasmodiidae,g__Plasmodium,s__Plasmodium_gaboni
797122,Kipferlia_bialata,d__Eukaryota,k__Fornicata__P+,p__Fornicata,c__Kipferlia__G+,o__Kipferlia__G+,f__Kipferlia__G+,g__Kipferlia,s__Kipferlia_bialata
361072,Dictyostelium_citrinum,d__Eukaryota,k__Evosea__P+,p__Evosea,c__Eumycetozoa,o__Dictyosteliales,f__Dictyosteliaceae,g__Dictyostelium,s__Dictyostelium_citrinum
5932,Ichthyophthirius_multifiliis,d__Eukaryota,k__Ciliophora__P+,p__Ciliophora,c__Oligohymenophorea,o__Hymenostomatida,f__Ichthyophthirius__G+,g__Ichthyophthirius,s__Ichthyophthirius_multifiliis
67591,Phytophthora_macrochlamydospora,d__Eukaryota,k__Oomycota__P+,p__Oomycota,c__Peronosporales__O+,o__Peronosporales,f__Peronosporaceae,g__Phytophthora,s__Phytophthora_macrochlamydospora
867726,Ectocarpus_sp_CCAP_1310_34,d__Eukaryota,k__Phaeophyceae__C+,p__Phaeophyceae__C+,c__Phaeophyceae,o__Ectocarpales,f__Ectocarpaceae,g__Ectocarpus,s__Ectocarpus_sp_CCAP_1310_34
2082584,Bacillariophyta_sp,d__Eukaryota,k__Bacillariophyta__P+,p__Bacillariophyta,c__Bacillariophyta_sp__S+,o__Bacillariophyta_sp__S+,f__Bacillariophyta_sp__S+,g__Bacillariophyta_sp__S+,s__Bacillariophyta_sp
5663,Leishmania_enriettii,d__Eukaryota,k__Euglenozoa__P+,p__Euglenozoa,c__Kinetoplastea,o__Trypanosomatida,f__Trypanosomatidae,g__Leishmania,s__Leishmania_enriettii
230439,Peronospora_tabacina,d__Eukaryota,k__Oomycota__P+,p__Oomycota,c__Peronosporales__O+,o__Peronosporales,f__Peronosporaceae,g__Peronospora,s__Peronospora_tabacina
66527,Balamuthia_mandrillaris,d__Eukaryota,k__Discosea__P+,p__Discosea,c__Longamoebia__O+,o__Longamoebia,f__Balamuthiidae,g__Balamuthia,s__Balamuthia_mandrillaris
5823,Plasmodium_berghei_ANKA,d__Eukaryota,k__Apicomplexa__P+,p__Apicomplexa,c__Aconoidasida,o__Haemosporida,f__Plasmodiidae,g__Plasmodium,s__Plasmodium_berghei
5722,Trichomonas_vaginalis,d__Eukaryota,k__Parabasalia__P+,p__Parabasalia,c__Trichomonadida__O+,o__Trichomonadida,f__Trichomonadidae,g__Trichomonas,s__Trichomonas_vaginalis
1295825,Leishmania_braziliensis_MHOM_BR_75_M2903,d__Eukaryota,k__Euglenozoa__P+,p__Euglenozoa,c__Kinetoplastea,o__Trypanosomatida,f__Trypanosomatidae,g__Leishmania,s__Leishmania_braziliensis
51316,Eimeria_praecox,d__Eukaryota,k__Apicomplexa__P+,p__Apicomplexa,c__Conoidasida,o__Eucoccidiorida,f__Eimeriidae,g__Eimeria,s__Eimeria_praecox
943120,Toxoplasma_gondii_TgCATBr9,d__Eukaryota,k__Apicomplexa__P+,p__Apicomplexa,c__Conoidasida,o__Eucoccidiorida,f__Sarcocystidae,g__Toxoplasma,s__Toxoplasma_gondii
5857,Plasmodium_fragile,d__Eukaryota,k__Apicomplexa__P+,p__Apicomplexa,c__Aconoidasida,o__Haemosporida,f__Plasmodiidae,g__Plasmodium,s__Plasmodium_fragile
1176757,Cryptosporidium_viatorum,d__Eukaryota,k__Apicomplexa__P+,p__Apicomplexa,c__Conoidasida,o__Eucoccidiorida,f__Cryptosporidiidae,g__Cryptosporidium,s__Cryptosporidium_viatorum
2898,Cryptomonas_paramecium,d__Eukaryota,k__Cryptophyceae__C+,p__Cryptophyceae__C+,c__Cryptophyceae,o__Cryptomonadales,f__Cryptomonadaceae,g__Cryptomonas,s__Cryptomonas_paramecium
515981,Cryptosporidium_ryanae,d__Eukaryota,k__Apicomplexa__P+,p__Apicomplexa,c__Conoidasida,o__Eucoccidiorida,f__Cryptosporidiidae,g__Cryptosporidium,s__Cryptosporidium_ryanae
1284356,Phytophthora_kernoviae_00629_1,d__Eukaryota,k__Oomycota__P+,p__Oomycota,c__Peronosporales__O+,o__Peronosporales,f__Peronosporaceae,g__Phytophthora,s__Phytophthora_kernoviae
47911,Entodinium_caudatum,d__Eukaryota,k__Ciliophora__P+,p__Ciliophora,c__Litostomatea,o__Entodiniomorphida,f__Ophryoscolecidae,g__Entodinium,s__Entodinium_caudatum
457357,Dinobryon_divergens,d__Eukaryota,k__Chrysophyceae__C+,p__Chrysophyceae__C+,c__Chrysophyceae,o__Chromulinales,f__Dinobryaceae,g__Dinobryon,s__Dinobryon_divergens
1074872,Toxoplasma_gondii_ARI,d__Eukaryota,k__Apicomplexa__P+,p__Apicomplexa,c__Conoidasida,o__Eucoccidiorida,f__Sarcocystidae,g__Toxoplasma,s__Toxoplasma_gondii
88456,Cyclospora_cayetanensis,d__Eukaryota,k__Apicomplexa__P+,p__Apicomplexa,c__Conoidasida,o__Eucoccidiorida,f__Eimeriidae,g__Cyclospora,s__Cyclospora_cayetanensis
65129,Paramecium_sonneborni,d__Eukaryota,k__Ciliophora__P+,p__Ciliophora,c__Oligohymenophorea,o__Peniculida,f__Parameciidae,g__Paramecium,s__Paramecium_sonneborni
35679,Pelagococcus_subviridis,d__Eukaryota,k__Pelagophyceae__C+,p__Pelagophyceae__C+,c__Pelagophyceae,o__Pelagomonadales,f__Pelagococcus__G+,g__Pelagococcus,s__Pelagococcus_subviridis
1245020,Plasmodium_falciparum_377_1,d__Eukaryota,k__Apicomplexa__P+,p__Apicomplexa,c__Aconoidasida,o__Haemosporida,f__Plasmodiidae,g__Plasmodium,s__Plasmodium_falciparum
133409,Polysphondylium_violaceum,d__Eukaryota,k__Evosea__P+,p__Evosea,c__Eumycetozoa,o__Dictyosteliales,f__Dictyosteliaceae,g__Polysphondylium,s__Polysphondylium_violaceum
172234,Pythium_grandisporangium,d__Eukaryota,k__Oomycota__P+,p__Oomycota,c__Pythiales__O+,o__Pythiales,f__Pythiaceae,g__Pythium,s__Pythium_grandisporangium
40806,Dasytricha_ruminantium,d__Eukaryota,k__Ciliophora__P+,p__Ciliophora,c__Litostomatea,o__Vestibuliferida,f__Isotrichidae,g__Dasytricha,s__Dasytricha_ruminantium
5677,Leishmania_lainsoni,d__Eukaryota,k__Euglenozoa__P+,p__Euglenozoa,c__Kinetoplastea,o__Trypanosomatida,f__Trypanosomatidae,g__Leishmania,s__Leishmania_lainsoni
2952,Symbiodinium_pilosum,d__Eukaryota,k__Dinophyceae__C+,p__Dinophyceae__C+,c__Dinophyceae,o__Suessiales,f__Symbiodiniaceae,g__Symbiodinium,s__Symbiodinium_pilosum
2826162,Diophrys_sp_3_WChen_2021,d__Eukaryota,k__Ciliophora__P+,p__Ciliophora,c__Spirotrichea,o__Euplotida,f__Uronychiidae,g__Diophrys,s__Diophrys_sp_3_WChen_2021
1609942,Tetmemena_sp_SeJ_2015,d__Eukaryota,k__Ciliophora__P+,p__Ciliophora,c__Spirotrichea,o__Sporadotrichida,f__Oxytrichidae,g__Tetmemena,s__Tetmemena_sp_SeJ_2015
1276585,Phytomonas_serpens_9T,d__Eukaryota,k__Euglenozoa__P+,p__Euglenozoa,c__Kinetoplastea,o__Trypanosomatida,f__Trypanosomatidae,g__Phytomonas,s__Phytomonas_serpens
1068625,Trypanosoma_congolense_IL3000,d__Eukaryota,k__Euglenozoa__P+,p__Euglenozoa,c__Kinetoplastea,o__Trypanosomatida,f__Trypanosomatidae,g__Trypanosoma,s__Trypanosoma_congolense
1615771,Paraurostyla_sp_PUJRC_G6,d__Eukaryota,k__Ciliophora__P+,p__Ciliophora,c__Spirotrichea,o__Stichotrichida,f__Amphisiellidae,g__Paraurostyla,s__Paraurostyla_sp_PUJRC_G6
43138,Paramecium_pentaurelia,d__Eukaryota,k__Ciliophora__P+,p__Ciliophora,c__Oligohymenophorea,o__Peniculida,f__Parameciidae,g__Paramecium,s__Paramecium_pentaurelia
5718,Herpetomonas_muscarum,d__Eukaryota,k__Euglenozoa__P+,p__Euglenozoa,c__Kinetoplastea,o__Trypanosomatida,f__Trypanosomatidae,g__Herpetomonas,s__Herpetomonas_muscarum
1928728,Paulinella_micropora,d__Eukaryota,k__Imbricatea__P+,p__Imbricatea,c__Euglyphida__O+,o__Euglyphida,f__Paulinellidae,g__Paulinella,s__Paulinella_micropora
5850,Plasmodium_knowlesi,d__Eukaryota,k__Apicomplexa__P+,p__Apicomplexa,c__Aconoidasida,o__Haemosporida,f__Plasmodiidae,g__Plasmodium,s__Plasmodium_knowlesi
1628268,Symbiodinium_necroappetens,d__Eukaryota,k__Dinophyceae__C+,p__Dinophyceae__C+,c__Dinophyceae,o__Suessiales,f__Symbiodiniaceae,g__Symbiodinium,s__Symbiodinium_necroappetens
126844,Phytopythium_helicoides,d__Eukaryota,k__Oomycota__P+,p__Oomycota,c__Pythiales__O+,o__Pythiales,f__Pythiaceae,g__Phytopythium,s__Phytopythium_helicoides
1074873,Toxoplasma_gondii_COUG,d__Eukaryota,k__Apicomplexa__P+,p__Apicomplexa,c__Conoidasida,o__Eucoccidiorida,f__Sarcocystidae,g__Toxoplasma,s__Toxoplasma_gondii
280463,Emiliania_huxleyi_CCMP1516,d__Eukaryota,k__Haptophyta__P+,p__Haptophyta,c__Isochrysidales__O+,o__Isochrysidales,f__Noelaerhabdaceae,g__Emiliania,s__Emiliania_huxleyi
1615772,Urostyla_sp_PUJRC_G1,d__Eukaryota,k__Ciliophora__P+,p__Ciliophora,c__Spirotrichea,o__Urostylida,f__Urostylidae,g__Urostyla,s__Urostyla_sp_PUJRC_G1
505693,Chromera_velia,d__Eukaryota,k__Chromeraceae__F+,p__Chromeraceae__F+,c__Chromeraceae__F+,o__Chromeraceae__F+,f__Chromeraceae,g__Chromera,s__Chromera_velia
944208,Blastocystis_sp_subtype_6,d__Eukaryota,k__Bigyra__C+,p__Bigyra__C+,c__Bigyra,o__Opalinata,f__Blastocystidae,g__Blastocystis,s__Blastocystis_sp_subtype_6
1620387,Lotmaria_passim,d__Eukaryota,k__Euglenozoa__P+,p__Euglenozoa,c__Kinetoplastea,o__Trypanosomatida,f__Trypanosomatidae,g__Lotmaria,s__Lotmaria_passim
880536,Plasmodium_sp_gorilla_clade_G3,d__Eukaryota,k__Apicomplexa__P+,p__Apicomplexa,c__Aconoidasida,o__Haemosporida,f__Plasmodiidae,g__Plasmodium,s__Plasmodium_sp_gorilla_clade_G3
2056925,Pythium_alternatum,d__Eukaryota,k__Oomycota__P+,p__Oomycota,c__Pythiales__O+,o__Pythiales,f__Pythiaceae,g__Pythium,s__Pythium_alternatum
1284357,Phytophthora_kernoviae_00844_4,d__Eukaryota,k__Oomycota__P+,p__Oomycota,c__Peronosporales__O+,o__Peronosporales,f__Peronosporaceae,g__Phytophthora,s__Phytophthora_kernoviae
1460289,Chrysochromulina_tobinii,d__Eukaryota,k__Haptophyta__P+,p__Haptophyta,c__Prymnesiales__O+,o__Prymnesiales,f__Chrysochromulinaceae,g__Chrysochromulina,s__Chrysochromulina_tobinii
420245,Leishmania_braziliensis_MHOM_BR_75_M2904,d__Eukaryota,k__Euglenozoa__P+,p__Euglenozoa,c__Kinetoplastea,o__Trypanosomatida,f__Trypanosomatidae,g__Leishmania,s__Leishmania_braziliensis
929565,Phytophthora_constricta,d__Eukaryota,k__Oomycota__P+,p__Oomycota,c__Peronosporales__O+,o__Peronosporales,f__Peronosporaceae,g__Phytophthora,s__Phytophthora_constricta
158379,Ascogregarina_taiwanensis,d__Eukaryota,k__Apicomplexa__P+,p__Apicomplexa,c__Conoidasida,o__Eugregarinorida,f__Lecudinidae,g__Ascogregarina,s__Ascogregarina_taiwanensis
1075773,Tetrahymena_elliotti_4EA,d__Eukaryota,k__Ciliophora__P+,p__Ciliophora,c__Oligohymenophorea,o__Hymenostomatida,f__Tetrahymenidae,g__Tetrahymena,s__Tetrahymena_elliotti
5660,Leishmania_braziliensis,d__Eukaryota,k__Euglenozoa__P+,p__Euglenozoa,c__Kinetoplastea,o__Trypanosomatida,f__Trypanosomatidae,g__Leishmania,s__Leishmania_braziliensis
5811,Toxoplasma_gondii,d__Eukaryota,k__Apicomplexa__P+,p__Apicomplexa,c__Conoidasida,o__Eucoccidiorida,f__Sarcocystidae,g__Toxoplasma,s__Toxoplasma_gondii
598745,Giardia_intestinalis_ATCC_50581,d__Eukaryota,k__Fornicata__P+,p__Fornicata,c__Diplomonadida__O+,o__Diplomonadida,f__Hexamitidae,g__Giardia,s__Giardia_intestinalis
82953,Pythium_volutum,d__Eukaryota,k__Oomycota__P+,p__Oomycota,c__Pythiales__O+,o__Pythiales,f__Pythiaceae,g__Pythium,s__Pythium_volutum
41668,Entamoeba_moshkovskii,d__Eukaryota,k__Evosea__P+,p__Evosea,c__Mastigamoebida__O+,o__Mastigamoebida,f__Entamoebidae,g__Entamoeba,s__Entamoeba_moshkovskii
5791,Physarum_polycephalum,d__Eukaryota,k__Evosea__P+,p__Evosea,c__Eumycetozoa,o__Physariida,f__Physaraceae,g__Physarum,s__Physarum_polycephalum
5849,Plasmodium_gallinaceum,d__Eukaryota,k__Apicomplexa__P+,p__Apicomplexa,c__Aconoidasida,o__Haemosporida,f__Plasmodiidae,g__Plasmodium,s__Plasmodium_gallinaceum
88149,Saccharina_japonica,d__Eukaryota,k__Phaeophyceae__C+,p__Phaeophyceae__C+,c__Phaeophyceae,o__Laminariales,f__Laminariaceae,g__Saccharina,s__Saccharina_japonica
2710872,Labyrinthula_sp_Ha,d__Eukaryota,k__Bigyra__C+,p__Bigyra__C+,c__Bigyra,o__Labyrinthulida,f__Labyrinthulaceae,g__Labyrinthula,s__Labyrinthula_sp_Ha
715481,Trypanosoma_melophagium,d__Eukaryota,k__Euglenozoa__P+,p__Euglenozoa,c__Kinetoplastea,o__Trypanosomatida,f__Trypanosomatidae,g__Trypanosoma,s__Trypanosoma_melophagium
5657,Strigomonas_oncopelti,d__Eukaryota,k__Euglenozoa__P+,p__Euglenozoa,c__Kinetoplastea,o__Trypanosomatida,f__Trypanosomatidae,g__Strigomonas,s__Strigomonas_oncopelti
1463230,Blechomonas_ayalai,d__Eukaryota,k__Euglenozoa__P+,p__Euglenozoa,c__Kinetoplastea,o__Trypanosomatida,f__Trypanosomatidae,g__Blechomonas,s__Blechomonas_ayalai
1714386,Triparma_laevis_f_inornata,d__Eukaryota,k__Bolidophyceae__C+,p__Bolidophyceae__C+,c__Bolidophyceae,o__Parmales,f__Triparmaceae,g__Triparma,s__Triparma_laevis
5827,Plasmodium_cynomolgi,d__Eukaryota,k__Apicomplexa__P+,p__Apicomplexa,c__Aconoidasida,o__Haemosporida,f__Plasmodiidae,g__Plasmodium,s__Plasmodium_cynomolgi
87106,Thraustochytrium_striatum,d__Eukaryota,k__Bigyra__C+,p__Bigyra__C+,c__Bigyra,o__Thraustochytrida,f__Thraustochytriaceae,g__Thraustochytrium,s__Thraustochytrium_striatum
43142,Acanthamoeba_culbertsoni,d__Eukaryota,k__Discosea__P+,p__Discosea,c__Longamoebia__O+,o__Longamoebia,f__Acanthamoebidae,g__Acanthamoeba,s__Acanthamoeba_culbertsoni
412133,Trichomonas_vaginalis_G3,d__Eukaryota,k__Parabasalia__P+,p__Parabasalia,c__Trichomonadida__O+,o__Trichomonadida,f__Trichomonadidae,g__Trichomonas,s__Trichomonas_vaginalis
42746,Proteromonas_lacertae,d__Eukaryota,k__Bigyra__C+,p__Bigyra__C+,c__Bigyra,o__Opalinata,f__Proteromonadidae,g__Proteromonas,s__Proteromonas_lacertae
53983,Phytophthora_cambivora,d__Eukaryota,k__Oomycota__P+,p__Oomycota,c__Peronosporales__O+,o__Peronosporales,f__Peronosporaceae,g__Phytophthora,s__Phytophthora_cambivora
129364,Phytophthora_rubi,d__Eukaryota,k__Oomycota__P+,p__Oomycota,c__Peronosporales__O+,o__Peronosporales,f__Peronosporaceae,g__Phytophthora,s__Phytophthora_rubi
352472,Dictyostelium_discoideum_AX4,d__Eukaryota,k__Evosea__P+,p__Evosea,c__Eumycetozoa,o__Dictyosteliales,f__Dictyosteliaceae,g__Dictyostelium,s__Dictyostelium_discoideum
75058,Bodo_saltans,d__Eukaryota,k__Euglenozoa__P+,p__Euglenozoa,c__Kinetoplastea,o__Eubodonida,f__Bodonidae,g__Bodo,s__Bodo_saltans
2056924,Pythium_rishiriense,d__Eukaryota,k__Oomycota__P+,p__Oomycota,c__Pythiales__O+,o__Pythiales,f__Pythiaceae,g__Pythium,s__Pythium_rishiriense
32599,Acanthamoeba_rhysodes,d__Eukaryota,k__Discosea__P+,p__Discosea,c__Longamoebia__O+,o__Longamoebia,f__Acanthamoebidae,g__Acanthamoeba,s__Acanthamoeba_rhysodes
162130,Sclerospora_graminicola,d__Eukaryota,k__Oomycota__P+,p__Oomycota,c__Peronosporales__O+,o__Peronosporales,f__Peronosporaceae,g__Sclerospora,s__Sclerospora_graminicola
1841616,Chromulinospumella_sphaerica,d__Eukaryota,k__Chrysophyceae__C+,p__Chrysophyceae__C+,c__Chrysophyceae,o__Chromulinales,f__Chromulinaceae,g__Chromulinospumella,s__Chromulinospumella_sphaerica
289598,Pythium_angustatum,d__Eukaryota,k__Oomycota__P+,p__Oomycota,c__Pythiales__O+,o__Pythiales,f__Pythiaceae,g__Pythium,s__Pythium_angustatum
99158,Hammondia_hammondi,d__Eukaryota,k__Apicomplexa__P+,p__Apicomplexa,c__Conoidasida,o__Eucoccidiorida,f__Sarcocystidae,g__Hammondia,s__Hammondia_hammondi
1172189,Oxytricha_trifallax,d__Eukaryota,k__Ciliophora__P+,p__Ciliophora,c__Spirotrichea,o__Sporadotrichida,f__Oxytrichidae,g__Oxytricha,s__Oxytricha_trifallax
508680,Phytophthora_ohioensis_nom_inval,d__Eukaryota,k__Oomycota__P+,p__Oomycota,c__Peronosporales__O+,o__Peronosporales,f__Peronosporaceae,g__Phytophthora,s__Phytophthora_ohioensis_nom_inval
1245016,Plasmodium_falciparum_326_1,d__Eukaryota,k__Apicomplexa__P+,p__Apicomplexa,c__Aconoidasida,o__Haemosporida,f__Plasmodiidae,g__Plasmodium,s__Plasmodium_falciparum
65661,Acanthamoeba_healyi,d__Eukaryota,k__Discosea__P+,p__Discosea,c__Longamoebia__O+,o__Longamoebia,f__Acanthamoebidae,g__Acanthamoeba,s__Acanthamoeba_healyi
5807,Cryptosporidium_parvum,d__Eukaryota,k__Apicomplexa__P+,p__Apicomplexa,c__Conoidasida,o__Eucoccidiorida,f__Cryptosporidiidae,g__Cryptosporidium,s__Cryptosporidium_parvum
1602131,Phytopythium_mirpurense,d__Eukaryota,k__Oomycota__P+,p__Oomycota,c__Pythiales__O+,o__Pythiales,f__Pythiaceae,g__Phytopythium,s__Phytopythium_mirpurense
869250,Theileria_orientalis_strain_Shintoku,d__Eukaryota,k__Apicomplexa__P+,p__Apicomplexa,c__Aconoidasida,o__Piroplasmida,f__Theileriidae,g__Theileria,s__Theileria_orientalis
944036,Blastocystis_sp_subtype_1,d__Eukaryota,k__Bigyra__C+,p__Bigyra__C+,c__Bigyra,o__Opalinata,f__Blastocystidae,g__Blastocystis,s__Blastocystis_sp_subtype_1
47894,Polyplastron_multivesiculatum,d__Eukaryota,k__Ciliophora__P+,p__Ciliophora,c__Litostomatea,o__Entodiniomorphida,f__Ophryoscolecidae,g__Polyplastron,s__Polyplastron_multivesiculatum
383379,Toxoplasma_gondii_RH,d__Eukaryota,k__Apicomplexa__P+,p__Apicomplexa,c__Conoidasida,o__Eucoccidiorida,f__Sarcocystidae,g__Toxoplasma,s__Toxoplasma_gondii
53986,Phytophthora_idaei,d__Eukaryota,k__Oomycota__P+,p__Oomycota,c__Peronosporales__O+,o__Peronosporales,f__Peronosporaceae,g__Phytophthora,s__Phytophthora_idaei
1768030,Ectocarpus_sp_Ec32,d__Eukaryota,k__Phaeophyceae__C+,p__Phaeophyceae__C+,c__Phaeophyceae,o__Ectocarpales,f__Ectocarpaceae,g__Ectocarpus,s__Ectocarpus_sp_Ec32
1825121,Epipyxis_sp_PR26KG,d__Eukaryota,k__Chrysophyceae__C+,p__Chrysophyceae__C+,c__Chrysophyceae,o__Chromulinales,f__Dinobryaceae,g__Epipyxis,s__Epipyxis_sp_PR26KG
943119,Toxoplasma_gondii_p89,d__Eukaryota,k__Apicomplexa__P+,p__Apicomplexa,c__Conoidasida,o__Eucoccidiorida,f__Sarcocystidae,g__Toxoplasma,s__Toxoplasma_gondii
104971,Pythium_prolatum,d__Eukaryota,k__Oomycota__P+,p__Oomycota,c__Pythiales__O+,o__Pythiales,f__Pythiaceae,g__Pythium,s__Pythium_prolatum
1440115,Paralagenidium_karlingii,d__Eukaryota,k__Oomycota__P+,p__Oomycota,c__Lagenidiales__O+,o__Lagenidiales,f__Paralagenidium__G+,g__Paralagenidium,s__Paralagenidium_karlingii
299392,Phytophthora_x_alni,d__Eukaryota,k__Oomycota__P+,p__Oomycota,c__Peronosporales__O+,o__Peronosporales,f__Peronosporaceae,g__Phytophthora,s__Phytophthora_x_alni
2052603,Eimeria_sp_OTU_X,d__Eukaryota,k__Apicomplexa__P+,p__Apicomplexa,c__Conoidasida,o__Eucoccidiorida,f__Eimeriidae,g__Eimeria,s__Eimeria_sp_OTU_X
4799,Pythium_torulosum,d__Eukaryota,k__Oomycota__P+,p__Oomycota,c__Pythiales__O+,o__Pythiales,f__Pythiaceae,g__Pythium,s__Pythium_torulosum
1973054,Vannella_sp,d__Eukaryota,k__Discosea__P+,p__Discosea,c__Flabellinia,o__Vannellidae__F+,f__Vannellidae,g__Vannella,s__Vannella_sp
5872,Theileria_equi,d__Eukaryota,k__Apicomplexa__P+,p__Apicomplexa,c__Aconoidasida,o__Piroplasmida,f__Theileriidae,g__Theileria,s__Theileria_equi
172671,Pinguiococcus_pyrenoidosus,d__Eukaryota,k__Pinguiophyceae__C+,p__Pinguiophyceae__C+,c__Pinguiophyceae,o__Pinguiochrysidales,f__Pinguiochrysidaceae,g__Pinguiococcus,s__Pinguiococcus_pyrenoidosus
1955567,Ochromonas_sp,d__Eukaryota,k__Chrysophyceae__C+,p__Chrysophyceae__C+,c__Chrysophyceae,o__Chromulinales,f__Chromulinaceae,g__Ochromonas,s__Ochromonas_sp
115419,Globisporangium_paddicum,d__Eukaryota,k__Oomycota__P+,p__Oomycota,c__Pythiales__O+,o__Pythiales,f__Pythiaceae,g__Globisporangium,s__Globisporangium_paddicum
643144,Pythium_takayamanum,d__Eukaryota,k__Oomycota__P+,p__Oomycota,c__Pythiales__O+,o__Pythiales,f__Pythiaceae,g__Pythium,s__Pythium_takayamanum
568900,Seminavis_robusta,d__Eukaryota,k__Bacillariophyta__P+,p__Bacillariophyta,c__Bacillariophyceae,o__Naviculales,f__Naviculaceae,g__Seminavis,s__Seminavis_robusta
135588,Histomonas_meleagridis,d__Eukaryota,k__Parabasalia__P+,p__Parabasalia,c__Tritrichomonadida__O+,o__Tritrichomonadida,f__Dientamoebidae,g__Histomonas,s__Histomonas_meleagridis
5824,Plasmodium_brasilianum,d__Eukaryota,k__Apicomplexa__P+,p__Apicomplexa,c__Aconoidasida,o__Haemosporida,f__Plasmodiidae,g__Plasmodium,s__Plasmodium_brasilianum
159749,Thalassiosira_oceanica,d__Eukaryota,k__Bacillariophyta__P+,p__Bacillariophyta,c__Coscinodiscophyceae,o__Thalassiosirales,f__Thalassiosiraceae,g__Thalassiosira,s__Thalassiosira_oceanica
105152,Globisporangium_nodosum,d__Eukaryota,k__Oomycota__P+,p__Oomycota,c__Pythiales__O+,o__Pythiales,f__Pythiaceae,g__Globisporangium,s__Globisporangium_nodosum
145522,Nannochloropsis_oceanica,d__Eukaryota,k__Eustigmatophyceae__C+,p__Eustigmatophyceae__C+,c__Eustigmatophyceae,o__Eustigmatales,f__Monodopsidaceae,g__Nannochloropsis,s__Nannochloropsis_oceanica
483371,Ochromonadaceae_sp_CCMP2298,d__Eukaryota,k__Synurophyceae__C+,p__Synurophyceae__C+,c__Synurophyceae,o__Ochromonadales,f__Ochromonadaceae,g__Ochromonadaceae_sp_CCMP2298__S+,s__Ochromonadaceae_sp_CCMP2298
310047,Cryptosporidium_bovis,d__Eukaryota,k__Apicomplexa__P+,p__Apicomplexa,c__Conoidasida,o__Eucoccidiorida,f__Cryptosporidiidae,g__Cryptosporidium,s__Cryptosporidium_bovis
82946,Pythium_periplocum,d__Eukaryota,k__Oomycota__P+,p__Oomycota,c__Pythiales__O+,o__Pythiales,f__Pythiaceae,g__Pythium,s__Pythium_periplocum
83891,Trypanosoma_conorhini,d__Eukaryota,k__Euglenozoa__P+,p__Euglenozoa,c__Kinetoplastea,o__Trypanosomatida,f__Trypanosomatidae,g__Trypanosoma,s__Trypanosoma_conorhini
1223558,Globisporangium_iwayamae_DAOM_BR242034,d__Eukaryota,k__Oomycota__P+,p__Oomycota,c__Pythiales__O+,o__Pythiales,f__Pythiaceae,g__Globisporangium,s__Globisporangium_iwayamae
5855,Plasmodium_vivax,d__Eukaryota,k__Apicomplexa__P+,p__Apicomplexa,c__Aconoidasida,o__Haemosporida,f__Plasmodiidae,g__Plasmodium,s__Plasmodium_vivax
670386,Heterostelium_album_PN500,d__Eukaryota,k__Evosea__P+,p__Evosea,c__Eumycetozoa,o__Acytosteliales,f__Acytosteliaceae,g__Heterostelium,s__Heterostelium_album
349325,Pythium_apiculatum,d__Eukaryota,k__Oomycota__P+,p__Oomycota,c__Pythiales__O+,o__Pythiales,f__Pythiaceae,g__Pythium,s__Pythium_apiculatum
4790,Phytophthora_nicotianae,d__Eukaryota,k__Oomycota__P+,p__Oomycota,c__Peronosporales__O+,o__Peronosporales,f__Peronosporaceae,g__Phytophthora,s__Phytophthora_nicotianae
82926,Globisporangium_splendens,d__Eukaryota,k__Oomycota__P+,p__Oomycota,c__Pythiales__O+,o__Pythiales,f__Pythiaceae,g__Globisporangium,s__Globisporangium_splendens
1410381,Amoebophrya_sp_A25,d__Eukaryota,k__Dinophyceae__C+,p__Dinophyceae__C+,c__Dinophyceae,o__Syndiniales,f__Amoebophryaceae,g__Amoebophrya,s__Amoebophrya_sp_A25
4785,Phytophthora_cinnamomi,d__Eukaryota,k__Oomycota__P+,p__Oomycota,c__Peronosporales__O+,o__Peronosporales,f__Peronosporaceae,g__Phytophthora,s__Phytophthora_cinnamomi
5821,Plasmodium_berghei,d__Eukaryota,k__Apicomplexa__P+,p__Apicomplexa,c__Aconoidasida,o__Haemosporida,f__Plasmodiidae,g__Plasmodium,s__Plasmodium_berghei
29920,Phytophthora_cactorum,d__Eukaryota,k__Oomycota__P+,p__Oomycota,c__Peronosporales__O+,o__Peronosporales,f__Peronosporaceae,g__Phytophthora,s__Phytophthora_cactorum
2081491,Diacronema_lutheri,d__Eukaryota,k__Haptophyta__P+,p__Haptophyta,c__Pavlovales__O+,o__Pavlovales,f__Pavlovaceae,g__Diacronema,s__Diacronema_lutheri
464988,Hemiselmis_andersenii,d__Eukaryota,k__Cryptophyceae__C+,p__Cryptophyceae__C+,c__Cryptophyceae,o__Cryptomonadales,f__Hemiselmidaceae,g__Hemiselmis,s__Hemiselmis_andersenii
93969,Cryptosporidium_meleagridis,d__Eukaryota,k__Apicomplexa__P+,p__Apicomplexa,c__Conoidasida,o__Eucoccidiorida,f__Cryptosporidiidae,g__Cryptosporidium,s__Cryptosporidium_meleagridis
538568,Phytophthora_pinifolia,d__Eukaryota,k__Oomycota__P+,p__Oomycota,c__Peronosporales__O+,o__Peronosporales,f__Peronosporaceae,g__Phytophthora,s__Phytophthora_pinifolia
353152,Cryptosporidium_parvum_Iowa_II,d__Eukaryota,k__Apicomplexa__P+,p__Apicomplexa,c__Conoidasida,o__Eucoccidiorida,f__Cryptosporidiidae,g__Cryptosporidium,s__Cryptosporidium_parvum
1588903,Pythium_biforme,d__Eukaryota,k__Oomycota__P+,p__Oomycota,c__Pythiales__O+,o__Pythiales,f__Pythiaceae,g__Pythium,s__Pythium_biforme
1194599,Toxoplasma_gondii_CtCo5,d__Eukaryota,k__Apicomplexa__P+,p__Apicomplexa,c__Conoidasida,o__Eucoccidiorida,f__Sarcocystidae,g__Toxoplasma,s__Toxoplasma_gondii
1985165,Phytophthora_castanetorum,d__Eukaryota,k__Oomycota__P+,p__Oomycota,c__Peronosporales__O+,o__Peronosporales,f__Peronosporaceae,g__Phytophthora,s__Phytophthora_castanetorum
4787,Phytophthora_infestans,d__Eukaryota,k__Oomycota__P+,p__Oomycota,c__Peronosporales__O+,o__Peronosporales,f__Peronosporaceae,g__Phytophthora,s__Phytophthora_infestans
507601,Toxoplasma_gondii_GT1,d__Eukaryota,k__Apicomplexa__P+,p__Apicomplexa,c__Conoidasida,o__Eucoccidiorida,f__Sarcocystidae,g__Toxoplasma,s__Toxoplasma_gondii
357350,Halocafeteria_seosinensis,d__Eukaryota,k__Bigyra__C+,p__Bigyra__C+,c__Bigyra,o__Bicosoecida,f__Halocafeteria__G+,g__Halocafeteria,s__Halocafeteria_seosinensis
283801,Plasmodium_yoelii_killicki,d__Eukaryota,k__Apicomplexa__P+,p__Apicomplexa,c__Aconoidasida,o__Haemosporida,f__Plasmodiidae,g__Plasmodium,s__Plasmodium_yoelii
2172886,Aurantiochytrium_acetophilum,d__Eukaryota,k__Bigyra__C+,p__Bigyra__C+,c__Bigyra,o__Thraustochytrida,f__Thraustochytriaceae,g__Aurantiochytrium,s__Aurantiochytrium_acetophilum
115421,Globisporangium_ultimum_var_sporangiiferum,d__Eukaryota,k__Oomycota__P+,p__Oomycota,c__Pythiales__O+,o__Pythiales,f__Pythiaceae,g__Globisporangium,s__Globisporangium_ultimum
105153,Globisporangium_ornacarpum,d__Eukaryota,k__Oomycota__P+,p__Oomycota,c__Pythiales__O+,o__Pythiales,f__Pythiaceae,g__Globisporangium,s__Globisporangium_ornacarpum
2803181,Leishmania_sp_Ghana_2012_LV757,d__Eukaryota,k__Euglenozoa__P+,p__Euglenozoa,c__Kinetoplastea,o__Trypanosomatida,f__Trypanosomatidae,g__Leishmania,s__Leishmania_sp_Ghana_2012_LV757
1037917,Heterostelium_multicystogenum,d__Eukaryota,k__Evosea__P+,p__Evosea,c__Eumycetozoa,o__Acytosteliales,f__Acytosteliaceae,g__Heterostelium,s__Heterostelium_multicystogenum
5911,Tetrahymena_thermophila,d__Eukaryota,k__Ciliophora__P+,p__Ciliophora,c__Oligohymenophorea,o__Hymenostomatida,f__Tetrahymenidae,g__Tetrahymena,s__Tetrahymena_thermophila
643143,Pythium_senticosum,d__Eukaryota,k__Oomycota__P+,p__Oomycota,c__Pythiales__O+,o__Pythiales,f__Pythiaceae,g__Pythium,s__Pythium_senticosum
40633,Condylostoma_magnum,d__Eukaryota,k__Ciliophora__P+,p__Ciliophora,c__Heterotrichea,o__Heterotrichida,f__Condylostomatidae,g__Condylostoma,s__Condylostoma_magnum
2152667,Malawimonas_sp,d__Eukaryota,k__Malawimonadida__O+,p__Malawimonadida__O+,c__Malawimonadida__O+,o__Malawimonadida,f__Malawimonadidae,g__Malawimonas,s__Malawimonas_sp
1035515,Plasmodium_vivax_Mauritania_I,d__Eukaryota,k__Apicomplexa__P+,p__Apicomplexa,c__Aconoidasida,o__Haemosporida,f__Plasmodiidae,g__Plasmodium,s__Plasmodium_vivax
74790,Paramecium_bursaria,d__Eukaryota,k__Ciliophora__P+,p__Ciliophora,c__Oligohymenophorea,o__Peniculida,f__Parameciidae,g__Paramecium,s__Paramecium_bursaria
657222,Pythium_camurandrum,d__Eukaryota,k__Oomycota__P+,p__Oomycota,c__Pythiales__O+,o__Pythiales,f__Pythiaceae,g__Pythium,s__Pythium_camurandrum
29176,Neospora_caninum,d__Eukaryota,k__Apicomplexa__P+,p__Apicomplexa,c__Conoidasida,o__Eucoccidiorida,f__Sarcocystidae,g__Neospora,s__Neospora_caninum
28005,Strigomonas_culicis,d__Eukaryota,k__Euglenozoa__P+,p__Euglenozoa,c__Kinetoplastea,o__Trypanosomatida,f__Trypanosomatidae,g__Strigomonas,s__Strigomonas_culicis
73239,Plasmodium_yoelii_yoelii,d__Eukaryota,k__Apicomplexa__P+,p__Apicomplexa,c__Aconoidasida,o__Haemosporida,f__Plasmodiidae,g__Plasmodium,s__Plasmodium_yoelii
756076,Cryptosporidium_tyzzeri,d__Eukaryota,k__Apicomplexa__P+,p__Apicomplexa,c__Conoidasida,o__Eucoccidiorida,f__Cryptosporidiidae,g__Cryptosporidium,s__Cryptosporidium_tyzzeri
323732,Babesia_duncani,d__Eukaryota,k__Apicomplexa__P+,p__Apicomplexa,c__Aconoidasida,o__Piroplasmida,f__Babesiidae,g__Babesia,s__Babesia_duncani
5693,Trypanosoma_cruzi,d__Eukaryota,k__Euglenozoa__P+,p__Euglenozoa,c__Kinetoplastea,o__Trypanosomatida,f__Trypanosomatidae,g__Trypanosoma,s__Trypanosoma_cruzi
92964,Pythium_monospermum,d__Eukaryota,k__Oomycota__P+,p__Oomycota,c__Pythiales__O+,o__Pythiales,f__Pythiaceae,g__Pythium,s__Pythium_monospermum
476202,Cardiosporidium_cionae,d__Eukaryota,k__Apicomplexa__P+,p__Apicomplexa,c__Aconoidasida,o__Nephromycida,f__Cardiosporidium__G+,g__Cardiosporidium,s__Cardiosporidium_cionae
5667,Leishmania_aethiopica,d__Eukaryota,k__Euglenozoa__P+,p__Euglenozoa,c__Kinetoplastea,o__Trypanosomatida,f__Trypanosomatidae,g__Leishmania,s__Leishmania_aethiopica
1223556,Pythium_arrhenomanes_ATCC_12531,d__Eukaryota,k__Oomycota__P+,p__Oomycota,c__Pythiales__O+,o__Pythiales,f__Pythiaceae,g__Pythium,s__Pythium_arrhenomanes
933077,Toxoplasma_gondii_VAND,d__Eukaryota,k__Apicomplexa__P+,p__Apicomplexa,c__Conoidasida,o__Eucoccidiorida,f__Sarcocystidae,g__Toxoplasma,s__Toxoplasma_gondii
1206070,Trypanosoma_cruzi_Tula_cl2,d__Eukaryota,k__Euglenozoa__P+,p__Euglenozoa,c__Kinetoplastea,o__Trypanosomatida,f__Trypanosomatidae,g__Trypanosoma,s__Trypanosoma_cruzi
358025,Eremoplastron_rostratum,d__Eukaryota,k__Ciliophora__P+,p__Ciliophora,c__Litostomatea,o__Entodiniomorphida,f__Ophryoscolecidae,g__Eremoplastron,s__Eremoplastron_rostratum
196059,Plasmodium_cf_malariae,d__Eukaryota,k__Apicomplexa__P+,p__Apicomplexa,c__Aconoidasida,o__Haemosporida,f__Plasmodiidae,g__Plasmodium,s__Plasmodium_cf_malariae
196912,Acanthamoeba_mauritaniensis,d__Eukaryota,k__Discosea__P+,p__Discosea,c__Longamoebia__O+,o__Longamoebia,f__Acanthamoebidae,g__Acanthamoeba,s__Acanthamoeba_mauritaniensis
1580589,Pelomyxa_schiedti,d__Eukaryota,k__Evosea__P+,p__Evosea,c__Pelobiontida__O+,o__Pelobiontida,f__Pelomyxidae,g__Pelomyxa,s__Pelomyxa_schiedti
753081,Bigelowiella_natans_CCMP2755,d__Eukaryota,k__Cercozoa__P+,p__Cercozoa,c__Chlorarachniophyceae,o__Bigelowiella__G+,f__Bigelowiella__G+,g__Bigelowiella,s__Bigelowiella_natans
1531304,Thalassiosira_sundarbana,d__Eukaryota,k__Bacillariophyta__P+,p__Bacillariophyta,c__Coscinodiscophyceae,o__Thalassiosirales,f__Thalassiosiraceae,g__Thalassiosira,s__Thalassiosira_sundarbana
943121,Toxoplasma_gondii_TgCATBr5,d__Eukaryota,k__Apicomplexa__P+,p__Apicomplexa,c__Conoidasida,o__Eucoccidiorida,f__Sarcocystidae,g__Toxoplasma,s__Toxoplasma_gondii
289621,Globisporangium_radiosum,d__Eukaryota,k__Oomycota__P+,p__Oomycota,c__Pythiales__O+,o__Pythiales,f__Pythiaceae,g__Globisporangium,s__Globisporangium_radiosum
438879,Uronychia_setigera,d__Eukaryota,k__Ciliophora__P+,p__Ciliophora,c__Spirotrichea,o__Euplotida,f__Uronychiidae,g__Uronychia,s__Uronychia_setigera
385029,Pseudokeronopsis_carnea,d__Eukaryota,k__Ciliophora__P+,p__Ciliophora,c__Spirotrichea,o__Urostylida,f__Pseudokeronopsidae,g__Pseudokeronopsis,s__Pseudokeronopsis_carnea
361071,Dictyostelium_capitatum,d__Eukaryota,k__Evosea__P+,p__Evosea,c__Eumycetozoa,o__Dictyosteliales,f__Dictyosteliaceae,g__Dictyostelium,s__Dictyostelium_capitatum
358017,Ostracodinium_dentatum,d__Eukaryota,k__Ciliophora__P+,p__Ciliophora,c__Litostomatea,o__Entodiniomorphida,f__Ophryoscolecidae,g__Ostracodinium,s__Ostracodinium_dentatum
208452,Plasmodium_coatneyi,d__Eukaryota,k__Apicomplexa__P+,p__Apicomplexa,c__Aconoidasida,o__Haemosporida,f__Plasmodiidae,g__Plasmodium,s__Plasmodium_coatneyi
2986,Ochromonas_danica,d__Eukaryota,k__Chrysophyceae__C+,p__Chrysophyceae__C+,c__Chrysophyceae,o__Chromulinales,f__Chromulinaceae,g__Ochromonas,s__Ochromonas_danica
5963,Stentor_coeruleus,d__Eukaryota,k__Ciliophora__P+,p__Ciliophora,c__Heterotrichea,o__Heterotrichida,f__Stentoridae,g__Stentor,s__Stentor_coeruleus
85057,Trypanosoma_cruzi_cruzi,d__Eukaryota,k__Euglenozoa__P+,p__Euglenozoa,c__Kinetoplastea,o__Trypanosomatida,f__Trypanosomatidae,g__Trypanosoma,s__Trypanosoma_cruzi
358014,Entodinium_bursa,d__Eukaryota,k__Ciliophora__P+,p__Ciliophora,c__Litostomatea,o__Entodiniomorphida,f__Ophryoscolecidae,g__Entodinium,s__Entodinium_bursa
1833877,Phytophthora_versiformis,d__Eukaryota,k__Oomycota__P+,p__Oomycota,c__Peronosporales__O+,o__Peronosporales,f__Peronosporaceae,g__Phytophthora,s__Phytophthora_versiformis
86335,Peronospora_destructor,d__Eukaryota,k__Oomycota__P+,p__Oomycota,c__Peronosporales__O+,o__Peronosporales,f__Peronosporaceae,g__Peronospora,s__Peronospora_destructor
105151,Globisporangium_echinulatum,d__Eukaryota,k__Oomycota__P+,p__Oomycota,c__Pythiales__O+,o__Pythiales,f__Pythiaceae,g__Globisporangium,s__Globisporangium_echinulatum
300673,uncultured_Oligohymenophorea,d__Eukaryota,k__Ciliophora__P+,p__Ciliophora,c__Oligohymenophorea,o__uncultured_Oligohymenophorea__S+,f__uncultured_Oligohymenophorea__S+,g__uncultured_Oligohymenophorea__S+,s__uncultured_Oligohymenophorea
1928008,Eukaryota_sp,d__Eukaryota,k__Eukaryota_sp__S+,p__Eukaryota_sp__S+,c__Eukaryota_sp__S+,o__Eukaryota_sp__S+,f__Eukaryota_sp__S+,g__Eukaryota_sp__S+,s__Eukaryota_sp
33640,Asterionellopsis_glacialis,d__Eukaryota,k__Bacillariophyta__P+,p__Bacillariophyta,c__Fragilariophyceae,o__Fragilariales,f__Fragilariaceae,g__Asterionellopsis,s__Asterionellopsis_glacialis
1148490,Theileria_parva_lawrencei,d__Eukaryota,k__Apicomplexa__P+,p__Apicomplexa,c__Aconoidasida,o__Piroplasmida,f__Theileriidae,g__Theileria,s__Theileria_parva
313997,Cochliopodium_minus,d__Eukaryota,k__Discosea__P+,p__Discosea,c__Himatismenida__O+,o__Himatismenida,f__Cochliopodiidae,g__Cochliopodium,s__Cochliopodium_minus
222890,Globisporangium_rhizosaccharum,d__Eukaryota,k__Oomycota__P+,p__Oomycota,c__Pythiales__O+,o__Pythiales,f__Pythiaceae,g__Globisporangium,s__Globisporangium_rhizosaccharum
309737,Cladosiphon_okamuranus,d__Eukaryota,k__Phaeophyceae__C+,p__Phaeophyceae__C+,c__Phaeophyceae,o__Ectocarpales,f__Chordariaceae,g__Cladosiphon,s__Cladosiphon_okamuranus
29196,Acanthamoeba_lenticulata,d__Eukaryota,k__Discosea__P+,p__Discosea,c__Longamoebia__O+,o__Longamoebia,f__Acanthamoebidae,g__Acanthamoeba,s__Acanthamoeba_lenticulata
1206056,Leishmania_aethiopica_L147,d__Eukaryota,k__Euglenozoa__P+,p__Euglenozoa,c__Kinetoplastea,o__Trypanosomatida,f__Trypanosomatidae,g__Leishmania,s__Leishmania_aethiopica
1317066,Phytophthora_parasitica_P1976,d__Eukaryota,k__Oomycota__P+,p__Oomycota,c__Peronosporales__O+,o__Peronosporales,f__Peronosporaceae,g__Phytophthora,s__Phytophthora_parasitica
114966,Globisporangium_erinaceum,d__Eukaryota,k__Oomycota__P+,p__Oomycota,c__Pythiales__O+,o__Pythiales,f__Pythiaceae,g__Globisporangium,s__Globisporangium_erinaceum
1635159,Pilasporangium_apinafurcum,d__Eukaryota,k__Oomycota__P+,p__Oomycota,c__Pythiales__O+,o__Pythiales,f__Pythiaceae,g__Pilasporangium,s__Pilasporangium_apinafurcum
1985166,Phytophthora_tubulina,d__Eukaryota,k__Oomycota__P+,p__Oomycota,c__Peronosporales__O+,o__Peronosporales,f__Peronosporaceae,g__Phytophthora,s__Phytophthora_tubulina
559515,Hyaloperonospora_arabidopsidis_Emoy2,d__Eukaryota,k__Oomycota__P+,p__Oomycota,c__Peronosporales__O+,o__Peronosporales,f__Peronosporaceae,g__Hyaloperonospora,s__Hyaloperonospora_arabidopsidis
133408,Acytostelium_leptosomum,d__Eukaryota,k__Evosea__P+,p__Evosea,c__Eumycetozoa,o__Acytosteliales,f__Acytosteliaceae,g__Acytostelium,s__Acytostelium_leptosomum
5801,Eimeria_acervulina,d__Eukaryota,k__Apicomplexa__P+,p__Apicomplexa,c__Conoidasida,o__Eucoccidiorida,f__Eimeriidae,g__Eimeria,s__Eimeria_acervulina
230839,Peronosclerospora_sorghi,d__Eukaryota,k__Oomycota__P+,p__Oomycota,c__Peronosporales__O+,o__Peronosporales,f__Peronosporaceae,g__Peronosclerospora,s__Peronosclerospora_sorghi
120398,Aphanomyces_stellatus,d__Eukaryota,k__Oomycota__P+,p__Oomycota,c__Saprolegniales__O+,o__Saprolegniales,f__Saprolegniaceae,g__Aphanomyces,s__Aphanomyces_stellatus
146752,Acanthamoeba_triangularis,d__Eukaryota,k__Discosea__P+,p__Discosea,c__Longamoebia__O+,o__Longamoebia,f__Acanthamoebidae,g__Acanthamoeba,s__Acanthamoeba_triangularis
46433,Reticulomyxa_filosa,d__Eukaryota,k__Foraminifera__P+,p__Foraminifera,c__Reticulomyxidae__F+,o__Reticulomyxidae__F+,f__Reticulomyxidae,g__Reticulomyxa,s__Reticulomyxa_filosa
42890,Sarcocystis_neurona,d__Eukaryota,k__Apicomplexa__P+,p__Apicomplexa,c__Conoidasida,o__Eucoccidiorida,f__Sarcocystidae,g__Sarcocystis,s__Sarcocystis_neurona
121062,Globisporangium_perplexum,d__Eukaryota,k__Oomycota__P+,p__Oomycota,c__Pythiales__O+,o__Pythiales,f__Pythiaceae,g__Globisporangium,s__Globisporangium_perplexum
84963,Eimeria_falciformis,d__Eukaryota,k__Apicomplexa__P+,p__Apicomplexa,c__Conoidasida,o__Eucoccidiorida,f__Eimeriidae,g__Eimeria,s__Eimeria_falciformis
885312,Entamoeba_histolytica_KU48,d__Eukaryota,k__Evosea__P+,p__Evosea,c__Mastigamoebida__O+,o__Mastigamoebida,f__Entamoebidae,g__Entamoeba,s__Entamoeba_histolytica
79012,Dictyostelium_firmibasis,d__Eukaryota,k__Evosea__P+,p__Evosea,c__Eumycetozoa,o__Dictyosteliales,f__Dictyosteliaceae,g__Dictyostelium,s__Dictyostelium_firmibasis
147706,Pythium_uncinulatum,d__Eukaryota,k__Oomycota__P+,p__Oomycota,c__Pythiales__O+,o__Pythiales,f__Pythiaceae,g__Pythium,s__Pythium_uncinulatum
720590,Plasmodium_sp_DRC_Itaito,d__Eukaryota,k__Apicomplexa__P+,p__Apicomplexa,c__Aconoidasida,o__Haemosporida,f__Plasmodiidae,g__Plasmodium,s__Plasmodium_sp_DRC_Itaito
1280413,Breviolum_minutum_Mf_1_05b_01,d__Eukaryota,k__Dinophyceae__C+,p__Dinophyceae__C+,c__Dinophyceae,o__Suessiales,f__Symbiodiniaceae,g__Breviolum,s__Breviolum_minutum
361085,Synstelium_polycarpum,d__Eukaryota,k__Evosea__P+,p__Evosea,c__Eumycetozoa,o__Synstelium__G+,f__Synstelium__G+,g__Synstelium,s__Synstelium_polycarpum
2582832,Trypanosomatidae_sp_Fi_14,d__Eukaryota,k__Euglenozoa__P+,p__Euglenozoa,c__Kinetoplastea,o__Trypanosomatida,f__Trypanosomatidae,g__Trypanosomatidae_sp_Fi_14__S+,s__Trypanosomatidae_sp_Fi_14
82936,Pythium_dissotocum,d__Eukaryota,k__Oomycota__P+,p__Oomycota,c__Pythiales__O+,o__Pythiales,f__Pythiaceae,g__Pythium,s__Pythium_dissotocum
2049356,Monocercomonoides_exilis,d__Eukaryota,k__Preaxostyla__P+,p__Preaxostyla,c__Oxymonadida__O+,o__Oxymonadida,f__Polymastigidae,g__Monocercomonoides,s__Monocercomonoides_exilis
1416333,Trypanosoma_cruzi_Dm28c,d__Eukaryota,k__Euglenozoa__P+,p__Euglenozoa,c__Kinetoplastea,o__Trypanosomatida,f__Trypanosomatidae,g__Trypanosoma,s__Trypanosoma_cruzi
180228,Paramoeba_pemaquidensis,d__Eukaryota,k__Discosea__P+,p__Discosea,c__Flabellinia,o__Dactylopodida,f__Paramoebidae,g__Paramoeba,s__Paramoeba_pemaquidensis
758751,Halophytophthora_polymorphica,d__Eukaryota,k__Oomycota__P+,p__Oomycota,c__Pythiales__O+,o__Pythiales,f__Pythiaceae,g__Halophytophthora,s__Halophytophthora_polymorphica
261658,Cavenderia_fasciculata,d__Eukaryota,k__Evosea__P+,p__Evosea,c__Eumycetozoa,o__Acytosteliales,f__Cavenderiaceae,g__Cavenderia,s__Cavenderia_fasciculata
44271,Leishmania_chagasi,d__Eukaryota,k__Euglenozoa__P+,p__Euglenozoa,c__Kinetoplastea,o__Trypanosomatida,f__Trypanosomatidae,g__Leishmania,s__Leishmania_chagasi
36767,Euplotes_focardii,d__Eukaryota,k__Ciliophora__P+,p__Ciliophora,c__Spirotrichea,o__Euplotida,f__Euplotidae,g__Euplotes,s__Euplotes_focardii
78236,Phytophthora_quercina,d__Eukaryota,k__Oomycota__P+,p__Oomycota,c__Peronosporales__O+,o__Peronosporales,f__Peronosporaceae,g__Phytophthora,s__Phytophthora_quercina
885315,Entamoeba_histolytica_HM_3_IMSS,d__Eukaryota,k__Evosea__P+,p__Evosea,c__Mastigamoebida__O+,o__Mastigamoebida,f__Entamoebidae,g__Entamoeba,s__Entamoeba_histolytica
1033975,Plasmodium_vivax_Brazil_I,d__Eukaryota,k__Apicomplexa__P+,p__Apicomplexa,c__Aconoidasida,o__Haemosporida,f__Plasmodiidae,g__Plasmodium,s__Plasmodium_vivax
32597,Perkinsus_olseni,d__Eukaryota,k__Perkinsozoa__P+,p__Perkinsozoa,c__Perkinsida__O+,o__Perkinsida,f__Perkinsidae,g__Perkinsus,s__Perkinsus_olseni
37099,Isochrysis_galbana,d__Eukaryota,k__Haptophyta__P+,p__Haptophyta,c__Isochrysidales__O+,o__Isochrysidales,f__Isochrysidaceae,g__Isochrysis,s__Isochrysis_galbana
51637,Naegleria_lovaniensis,d__Eukaryota,k__Heterolobosea__P+,p__Heterolobosea,c__Vahlkampfiidae__F+,o__Vahlkampfiidae__F+,f__Vahlkampfiidae,g__Naegleria,s__Naegleria_lovaniensis
1825120,Synura_sp_LO234KE,d__Eukaryota,k__Synurophyceae__C+,p__Synurophyceae__C+,c__Synurophyceae,o__Synurales,f__Mallomonadaceae,g__Synura,s__Synura_sp_LO234KE
1120755,Plasmodium_cynomolgi_strain_B,d__Eukaryota,k__Apicomplexa__P+,p__Apicomplexa,c__Aconoidasida,o__Haemosporida,f__Plasmodiidae,g__Plasmodium,s__Plasmodium_cynomolgi
426638,Chaetoceros_tenuissimus,d__Eukaryota,k__Bacillariophyta__P+,p__Bacillariophyta,c__Coscinodiscophyceae,o__Chaetocerotales,f__Chaetocerotaceae,g__Chaetoceros,s__Chaetoceros_tenuissimus
572307,Neospora_caninum_Liverpool,d__Eukaryota,k__Apicomplexa__P+,p__Apicomplexa,c__Conoidasida,o__Eucoccidiorida,f__Sarcocystidae,g__Neospora,s__Neospora_caninum
5689,Leishmania_tarentolae,d__Eukaryota,k__Euglenozoa__P+,p__Euglenozoa,c__Kinetoplastea,o__Trypanosomatida,f__Trypanosomatidae,g__Leishmania,s__Leishmania_tarentolae
885311,Entamoeba_histolytica_KU27,d__Eukaryota,k__Evosea__P+,p__Evosea,c__Mastigamoebida__O+,o__Mastigamoebida,f__Entamoebidae,g__Entamoeba,s__Entamoeba_histolytica
140044,Pythium_aristosporum,d__Eukaryota,k__Oomycota__P+,p__Oomycota,c__Pythiales__O+,o__Pythiales,f__Pythiaceae,g__Pythium,s__Pythium_aristosporum
4795,Phytophthora_megakarya,d__Eukaryota,k__Oomycota__P+,p__Oomycota,c__Peronosporales__O+,o__Peronosporales,f__Peronosporaceae,g__Phytophthora,s__Phytophthora_megakarya
272952,Hyaloperonospora_arabidopsidis,d__Eukaryota,k__Oomycota__P+,p__Oomycota,c__Peronosporales__O+,o__Peronosporales,f__Peronosporaceae,g__Hyaloperonospora,s__Hyaloperonospora_arabidopsidis
52548,Mallomonas_annulata,d__Eukaryota,k__Synurophyceae__C+,p__Synurophyceae__C+,c__Synurophyceae,o__Synurales,f__Mallomonadaceae,g__Mallomonas,s__Mallomonas_annulata
1093141,Nannochloropsis_gaditana_CCMP526,d__Eukaryota,k__Eustigmatophyceae__C+,p__Eustigmatophyceae__C+,c__Eustigmatophyceae,o__Eustigmatales,f__Monodopsidaceae,g__Nannochloropsis,s__Nannochloropsis_gaditana
885310,Entamoeba_histolytica_DS4_868,d__Eukaryota,k__Evosea__P+,p__Evosea,c__Mastigamoebida__O+,o__Mastigamoebida,f__Entamoebidae,g__Entamoeba,s__Entamoeba_histolytica
2714593,Phytophthora_betacei,d__Eukaryota,k__Oomycota__P+,p__Oomycota,c__Peronosporales__O+,o__Peronosporales,f__Peronosporaceae,g__Phytophthora,s__Phytophthora_betacei
2761500,Porcisia_hertigi,d__Eukaryota,k__Euglenozoa__P+,p__Euglenozoa,c__Kinetoplastea,o__Trypanosomatida,f__Trypanosomatidae,g__Porcisia,s__Porcisia_hertigi
361123,Cavenderia_deminutiva,d__Eukaryota,k__Evosea__P+,p__Evosea,c__Eumycetozoa,o__Acytosteliales,f__Cavenderiaceae,g__Cavenderia,s__Cavenderia_deminutiva
857276,Cryptosporidium_ubiquitum,d__Eukaryota,k__Apicomplexa__P+,p__Apicomplexa,c__Conoidasida,o__Eucoccidiorida,f__Cryptosporidiidae,g__Cryptosporidium,s__Cryptosporidium_ubiquitum
100861,Aphanomyces_euteiches,d__Eukaryota,k__Oomycota__P+,p__Oomycota,c__Saprolegniales__O+,o__Saprolegniales,f__Saprolegniaceae,g__Aphanomyces,s__Aphanomyces_euteiches
2496075,Phytophthora_aleatoria,d__Eukaryota,k__Oomycota__P+,p__Oomycota,c__Peronosporales__O+,o__Peronosporales,f__Peronosporaceae,g__Phytophthora,s__Phytophthora_aleatoria
132687,Diophrys_appendiculata,d__Eukaryota,k__Ciliophora__P+,p__Ciliophora,c__Spirotrichea,o__Euplotida,f__Uronychiidae,g__Diophrys,s__Diophrys_appendiculata
5763,Naegleria_fowleri,d__Eukaryota,k__Heterolobosea__P+,p__Heterolobosea,c__Vahlkampfiidae__F+,o__Vahlkampfiidae__F+,f__Vahlkampfiidae,g__Naegleria,s__Naegleria_fowleri
1223559,Globisporangium_ultimum_var_sporangiiferum_BR650,d__Eukaryota,k__Oomycota__P+,p__Oomycota,c__Pythiales__O+,o__Pythiales,f__Pythiaceae,g__Globisporangium,s__Globisporangium_ultimum
1076755,Blastocystis_sp_subtype_7,d__Eukaryota,k__Bigyra__C+,p__Bigyra__C+,c__Bigyra,o__Opalinata,f__Blastocystidae,g__Blastocystis,s__Blastocystis_sp_subtype_7
5661,Leishmania_donovani,d__Eukaryota,k__Euglenozoa__P+,p__Euglenozoa,c__Kinetoplastea,o__Trypanosomatida,f__Trypanosomatidae,g__Leishmania,s__Leishmania_donovani
2544991,Nephromyces_sp_ex_Molgula_occidentalis,d__Eukaryota,k__Apicomplexa__P+,p__Apicomplexa,c__Aconoidasida,o__Nephromycida,f__Nephromyces__G+,g__Nephromyces,s__Nephromyces_sp_ex_Molgula_occidentalis
72520,Nannochloropsis_gaditana,d__Eukaryota,k__Eustigmatophyceae__C+,p__Eustigmatophyceae__C+,c__Eustigmatophyceae,o__Eustigmatales,f__Monodopsidaceae,g__Nannochloropsis,s__Nannochloropsis_gaditana
1130821,Toxoplasma_gondii_TgCatPRC2,d__Eukaryota,k__Apicomplexa__P+,p__Apicomplexa,c__Conoidasida,o__Eucoccidiorida,f__Sarcocystidae,g__Toxoplasma,s__Toxoplasma_gondii
1077284,Plasmodium_vivax_India_VII,d__Eukaryota,k__Apicomplexa__P+,p__Apicomplexa,c__Aconoidasida,o__Haemosporida,f__Plasmodiidae,g__Plasmodium,s__Plasmodium_vivax
231958,Globisporangium_debaryanum,d__Eukaryota,k__Oomycota__P+,p__Oomycota,c__Pythiales__O+,o__Pythiales,f__Pythiaceae,g__Globisporangium,s__Globisporangium_debaryanum
2843,Skeletonema_costatum,d__Eukaryota,k__Bacillariophyta__P+,p__Bacillariophyta,c__Coscinodiscophyceae,o__Thalassiosirales,f__Skeletonemataceae,g__Skeletonema,s__Skeletonema_costatum
119398,Plasmodium_vinckei_brucechwatti,d__Eukaryota,k__Apicomplexa__P+,p__Apicomplexa,c__Aconoidasida,o__Haemosporida,f__Plasmodiidae,g__Plasmodium,s__Plasmodium_vinckei
82942,Globisporangium_nunn,d__Eukaryota,k__Oomycota__P+,p__Oomycota,c__Pythiales__O+,o__Pythiales,f__Pythiaceae,g__Globisporangium,s__Globisporangium_nunn
1245012,Plasmodium_falciparum_58_1,d__Eukaryota,k__Apicomplexa__P+,p__Apicomplexa,c__Aconoidasida,o__Haemosporida,f__Plasmodiidae,g__Plasmodium,s__Plasmodium_falciparum
143453,Pseudoperonospora_cubensis,d__Eukaryota,k__Oomycota__P+,p__Oomycota,c__Peronosporales__O+,o__Peronosporales,f__Peronosporaceae,g__Pseudoperonospora,s__Pseudoperonospora_cubensis
1075772,Tetrahymena_malaccensis_436,d__Eukaryota,k__Ciliophora__P+,p__Ciliophora,c__Oligohymenophorea,o__Hymenostomatida,f__Tetrahymenidae,g__Tetrahymena,s__Tetrahymena_malaccensis
796354,Crithidia_expoeki,d__Eukaryota,k__Euglenozoa__P+,p__Euglenozoa,c__Kinetoplastea,o__Trypanosomatida,f__Trypanosomatidae,g__Crithidia,s__Crithidia_expoeki
65662,Acanthamoeba_pearcei,d__Eukaryota,k__Discosea__P+,p__Discosea,c__Longamoebia__O+,o__Longamoebia,f__Acanthamoebidae,g__Acanthamoeba,s__Acanthamoeba_pearcei
2655020,Euplotes_weissei,d__Eukaryota,k__Ciliophora__P+,p__Ciliophora,c__Spirotrichea,o__Euplotida,f__Euplotidae,g__Euplotes,s__Euplotes_weissei
5681,Leishmania_peruviana,d__Eukaryota,k__Euglenozoa__P+,p__Euglenozoa,c__Kinetoplastea,o__Trypanosomatida,f__Trypanosomatidae,g__Leishmania,s__Leishmania_peruviana
44416,Eimeria_nieschulzi,d__Eukaryota,k__Apicomplexa__P+,p__Apicomplexa,c__Conoidasida,o__Eucoccidiorida,f__Eimeriidae,g__Eimeria,s__Eimeria_nieschulzi
885313,Entamoeba_histolytica_KU50,d__Eukaryota,k__Evosea__P+,p__Evosea,c__Mastigamoebida__O+,o__Mastigamoebida,f__Entamoebidae,g__Entamoeba,s__Entamoeba_histolytica
2708265,Globisporangium_heterothallicum,d__Eukaryota,k__Oomycota__P+,p__Oomycota,c__Pythiales__O+,o__Pythiales,f__Pythiaceae,g__Globisporangium,s__Globisporangium_heterothallicum
435258,Leishmania_infantum_JPCM5,d__Eukaryota,k__Euglenozoa__P+,p__Euglenozoa,c__Kinetoplastea,o__Trypanosomatida,f__Trypanosomatidae,g__Leishmania,s__Leishmania_infantum
905079,Guillardia_theta_CCMP2712,d__Eukaryota,k__Cryptophyceae__C+,p__Cryptophyceae__C+,c__Cryptophyceae,o__Pyrenomonadales,f__Geminigeraceae,g__Guillardia,s__Guillardia_theta
2853,Cylindrotheca_fusiformis,d__Eukaryota,k__Bacillariophyta__P+,p__Bacillariophyta,c__Bacillariophyceae,o__Bacillariales,f__Bacillariaceae,g__Cylindrotheca,s__Cylindrotheca_fusiformis
1245022,Plasmodium_falciparum_397_1,d__Eukaryota,k__Apicomplexa__P+,p__Apicomplexa,c__Aconoidasida,o__Haemosporida,f__Plasmodiidae,g__Plasmodium,s__Plasmodium_falciparum
2961,Amphidinium_carterae,d__Eukaryota,k__Dinophyceae__C+,p__Dinophyceae__C+,c__Dinophyceae,o__Gymnodiniales,f__Gymnodiniaceae,g__Amphidinium,s__Amphidinium_carterae
2202890,Amoebophrya_sp_A120,d__Eukaryota,k__Dinophyceae__C+,p__Dinophyceae__C+,c__Dinophyceae,o__Syndiniales,f__Amoebophryaceae,g__Amoebophrya,s__Amoebophrya_sp_A120
82941,Pythium_myriotylum,d__Eukaryota,k__Oomycota__P+,p__Oomycota,c__Pythiales__O+,o__Pythiales,f__Pythiaceae,g__Pythium,s__Pythium_myriotylum
1259847,Nannochloropsis_oculata_CCMP525,d__Eukaryota,k__Eustigmatophyceae__C+,p__Eustigmatophyceae__C+,c__Eustigmatophyceae,o__Eustigmatales,f__Monodopsidaceae,g__Nannochloropsis,s__Nannochloropsis_oculata
472931,Protostelium_mycophagum,d__Eukaryota,k__Evosea__P+,p__Evosea,c__Variosea,o__Protosteliida,f__Protosteliaceae,g__Protostelium,s__Protostelium_mycophagum
67003,Trypanosoma_theileri,d__Eukaryota,k__Euglenozoa__P+,p__Euglenozoa,c__Kinetoplastea,o__Trypanosomatida,f__Trypanosomatidae,g__Trypanosoma,s__Trypanosoma_theileri
1245021,Plasmodium_falciparum_383_1,d__Eukaryota,k__Apicomplexa__P+,p__Apicomplexa,c__Aconoidasida,o__Haemosporida,f__Plasmodiidae,g__Plasmodium,s__Plasmodium_falciparum
31274,Plasmodium_yoelii_nigeriensis,d__Eukaryota,k__Apicomplexa__P+,p__Apicomplexa,c__Aconoidasida,o__Haemosporida,f__Plasmodiidae,g__Plasmodium,s__Plasmodium_yoelii
47889,Diplodinium_dentatum,d__Eukaryota,k__Ciliophora__P+,p__Ciliophora,c__Litostomatea,o__Entodiniomorphida,f__Ophryoscolecidae,g__Diplodinium,s__Diplodinium_dentatum
5874,Theileria_annulata,d__Eukaryota,k__Apicomplexa__P+,p__Apicomplexa,c__Aconoidasida,o__Piroplasmida,f__Theileriidae,g__Theileria,s__Theileria_annulata
885319,Entamoeba_histolytica_HM_1_IMSS_B,d__Eukaryota,k__Evosea__P+,p__Evosea,c__Mastigamoebida__O+,o__Mastigamoebida,f__Entamoebidae,g__Entamoeba,s__Entamoeba_histolytica
65126,Paramecium_biaurelia,d__Eukaryota,k__Ciliophora__P+,p__Ciliophora,c__Oligohymenophorea,o__Peniculida,f__Parameciidae,g__Paramecium,s__Paramecium_biaurelia
289606,Pythium_anandrum,d__Eukaryota,k__Oomycota__P+,p__Oomycota,c__Pythiales__O+,o__Pythiales,f__Pythiaceae,g__Pythium,s__Pythium_anandrum
82934,Pythium_coloratum,d__Eukaryota,k__Oomycota__P+,p__Oomycota,c__Pythiales__O+,o__Pythiales,f__Pythiaceae,g__Pythium,s__Pythium_coloratum
62297,Leishmania_turanica,d__Eukaryota,k__Euglenozoa__P+,p__Euglenozoa,c__Kinetoplastea,o__Trypanosomatida,f__Trypanosomatidae,g__Leishmania,s__Leishmania_turanica
438878,Uronychia_binucleata,d__Eukaryota,k__Ciliophora__P+,p__Ciliophora,c__Spirotrichea,o__Euplotida,f__Uronychiidae,g__Uronychia,s__Uronychia_binucleata
1280935,Cryptosporidium_sp_chipmunk_genotype_I,d__Eukaryota,k__Apicomplexa__P+,p__Apicomplexa,c__Conoidasida,o__Eucoccidiorida,f__Cryptosporidiidae,g__Cryptosporidium,s__Cryptosporidium_sp_chipmunk_genotype_I
214887,Phytopythium_montanum,d__Eukaryota,k__Oomycota__P+,p__Oomycota,c__Pythiales__O+,o__Pythiales,f__Pythiaceae,g__Phytopythium,s__Phytopythium_montanum
5851,Plasmodium_knowlesi_strain_H,d__Eukaryota,k__Apicomplexa__P+,p__Apicomplexa,c__Aconoidasida,o__Haemosporida,f__Plasmodiidae,g__Plasmodium,s__Plasmodium_knowlesi
1825119,Dinobryon_sp_LO226KS,d__Eukaryota,k__Chrysophyceae__C+,p__Chrysophyceae__C+,c__Chrysophyceae,o__Chromulinales,f__Dinobryaceae,g__Dinobryon,s__Dinobryon_sp_LO226KS
1049189,Pythium_sp_CBS_101876,d__Eukaryota,k__Oomycota__P+,p__Oomycota,c__Pythiales__O+,o__Pythiales,f__Pythiaceae,g__Pythium,s__Pythium_sp_CBS_101876
61605,Acanthamoeba_lugdunensis,d__Eukaryota,k__Discosea__P+,p__Discosea,c__Longamoebia__O+,o__Longamoebia,f__Acanthamoebidae,g__Acanthamoeba,s__Acanthamoeba_lugdunensis
303371,Tribonema_minus,d__Eukaryota,k__Xanthophyceae__C+,p__Xanthophyceae__C+,c__Xanthophyceae,o__Tribonematales,f__Tribonemataceae,g__Tribonema,s__Tribonema_minus
44056,Aureococcus_anophagefferens,d__Eukaryota,k__Pelagophyceae__C+,p__Pelagophyceae__C+,c__Pelagophyceae,o__Pelagomonadales,f__Aureococcus__G+,g__Aureococcus,s__Aureococcus_anophagefferens
1223555,Pythium_aphanidermatum_DAOM_BR444,d__Eukaryota,k__Oomycota__P+,p__Oomycota,c__Pythiales__O+,o__Pythiales,f__Pythiaceae,g__Pythium,s__Pythium_aphanidermatum
1485010,Pythium_brassicum,d__Eukaryota,k__Oomycota__P+,p__Oomycota,c__Pythiales__O+,o__Pythiales,f__Pythiaceae,g__Pythium,s__Pythium_brassicum
2951,Symbiodinium_microadriaticum,d__Eukaryota,k__Dinophyceae__C+,p__Dinophyceae__C+,c__Dinophyceae,o__Suessiales,f__Symbiodiniaceae,g__Symbiodinium,s__Symbiodinium_microadriaticum
2010233,Aurantiochytrium_sp_KH105,d__Eukaryota,k__Bigyra__C+,p__Bigyra__C+,c__Bigyra,o__Thraustochytrida,f__Thraustochytriaceae,g__Aurantiochytrium,s__Aurantiochytrium_sp_KH105
333668,Theileria_parva_strain_Muguga,d__Eukaryota,k__Apicomplexa__P+,p__Apicomplexa,c__Aconoidasida,o__Piroplasmida,f__Theileriidae,g__Theileria,s__Theileria_parva
366581,Trypanosoma_cruzi_strain_Esmeraldo,d__Eukaryota,k__Euglenozoa__P+,p__Euglenozoa,c__Kinetoplastea,o__Trypanosomatida,f__Trypanosomatidae,g__Trypanosoma,s__Trypanosoma_cruzi
5987,Isotricha_prostoma,d__Eukaryota,k__Ciliophora__P+,p__Ciliophora,c__Litostomatea,o__Vestibuliferida,f__Isotrichidae,g__Isotricha,s__Isotricha_prostoma
4796,Phytophthora_palmivora,d__Eukaryota,k__Oomycota__P+,p__Oomycota,c__Peronosporales__O+,o__Peronosporales,f__Peronosporaceae,g__Phytophthora,s__Phytophthora_palmivora
78237,Phytophthora_gonapodyides,d__Eukaryota,k__Oomycota__P+,p__Oomycota,c__Peronosporales__O+,o__Peronosporales,f__Peronosporaceae,g__Phytophthora,s__Phytophthora_gonapodyides
187813,Phytophthora_brassicae,d__Eukaryota,k__Oomycota__P+,p__Oomycota,c__Peronosporales__O+,o__Peronosporales,f__Peronosporaceae,g__Phytophthora,s__Phytophthora_brassicae
4781,Plasmopara_halstedii,d__Eukaryota,k__Oomycota__P+,p__Oomycota,c__Peronosporales__O+,o__Peronosporales,f__Peronosporaceae,g__Plasmopara,s__Plasmopara_halstedii
2750334,Phytophthora_sp_ST_20190627,d__Eukaryota,k__Oomycota__P+,p__Oomycota,c__Peronosporales__O+,o__Peronosporales,f__Peronosporaceae,g__Phytophthora,s__Phytophthora_sp_ST_20190627
429562,Pythium_guiyangense,d__Eukaryota,k__Oomycota__P+,p__Oomycota,c__Pythiales__O+,o__Pythiales,f__Pythiaceae,g__Pythium,s__Pythium_guiyangense
2029559,Trypanosomatidae_sp_JR_2017a,d__Eukaryota,k__Euglenozoa__P+,p__Euglenozoa,c__Kinetoplastea,o__Trypanosomatida,f__Trypanosomatidae,g__Trypanosomatidae_sp_JR_2017a__S+,s__Trypanosomatidae_sp_JR_2017a
190219,Globisporangium_abappressorium,d__Eukaryota,k__Oomycota__P+,p__Oomycota,c__Pythiales__O+,o__Pythiales,f__Pythiaceae,g__Globisporangium,s__Globisporangium_abappressorium
1245019,Plasmodium_falciparum_366_1,d__Eukaryota,k__Apicomplexa__P+,p__Apicomplexa,c__Aconoidasida,o__Haemosporida,f__Plasmodiidae,g__Plasmodium,s__Plasmodium_falciparum
299625,Pythium_rhizo_oryzae,d__Eukaryota,k__Oomycota__P+,p__Oomycota,c__Pythiales__O+,o__Pythiales,f__Pythiaceae,g__Pythium,s__Pythium_rhizo_oryzae
289609,Pythium_cucurbitacearum,d__Eukaryota,k__Oomycota__P+,p__Oomycota,c__Pythiales__O+,o__Pythiales,f__Pythiaceae,g__Pythium,s__Pythium_cucurbitacearum
289602,Pythium_pyrilobum,d__Eukaryota,k__Oomycota__P+,p__Oomycota,c__Pythiales__O+,o__Pythiales,f__Pythiaceae,g__Pythium,s__Pythium_pyrilobum
1223560,Phytopythium_vexans_DAOM_BR484,d__Eukaryota,k__Oomycota__P+,p__Oomycota,c__Pythiales__O+,o__Pythiales,f__Pythiaceae,g__Phytopythium,s__Phytopythium_vexans
5665,Leishmania_mexicana,d__Eukaryota,k__Euglenozoa__P+,p__Euglenozoa,c__Kinetoplastea,o__Trypanosomatida,f__Trypanosomatidae,g__Leishmania,s__Leishmania_mexicana
